2024,549300MGPZBLQDIL7538,41740,CA,06073,06073000201,C,Conventional:First Lien,Single Family (1-4 Units):Site-Built,Hispanic or Latino,Race Not Available,Male,1,9,2,1,1,1,2,2,2,295000.0,78,6.875,-0.089,2,5736.21,NA,1128.26,,,360,NA,NA,2,2,2,2,395000,1,1,3,5,1,NA,73,49,3,10,1,11,,,,5,,,,,2,4,6,,,,,8,,,,,2,4,1,5,2,4,45-54,9999,No,NA,1,1,1,,,,,10,,,,2001,25.04,119500,170,628,751,48
2024,549300MGPZBLQDIL7538,41740,CA,06073,06073000201,C,Conventional:Subordinate Lien,Single Family (1-4 Units):Site-Built,Hispanic or Latino,Race Not Available,Male,1,9,2,1,1,2,2,2,2,15000.0,78,1,NA,3,NA,NA,NA,NA,NA,360,NA,NA,2,2,1,2,395000,1,1,3,5,1,NA,73,49,3,10,1,11,,,,5,,,,,2,4,6,,,,,8,,,,,2,4,1,5,2,4,45-54,9999,No,NA,1,1,6,,,,,10,,,,2001,25.04,119500,170,628,751,48
2024,549300MGPZBLQDIL7538,41740,CA,06073,06073000301,C,Conventional:First Lien,Single Family (1-4 Units):Site-Built,Not Hispanic or Latino,Asian,Joint,1,1,1,1,1,1,2,2,2,965000.0,95,7.625,0.986,2,15546.59,NA,10460.05,8360.05,,360,NA,NA,2,2,2,2,1015000,1,1,3,5,1,NA,324,40,2,3,2,,,,,2,,,,,2,2,2,21,,,,2,21,,,,2,2,1,2,2,2,25-34,25-34,No,No,1,1,2,,,,,10,,,,2155,31.65,119500,99,229,581,50
2024,549300MGPZBLQDIL7538,41740,CA,06073,06073000600,C,Conventional:First Lien,Single Family (1-4 Units):Site-Built,Hispanic or Latino,White,Male,1,1,1,1,1,1,2,2,2,915000.0,89.861,7.625,0.828,2,12896.15,NA,6249.6,4149.6,595,360,NA,NA,2,2,2,2,1305000,1,1,3,5,1,NA,387,30%-<36%,1,1,1,,,,,3,,,,,2,2,5,,,,,6,,,,,2,2,1,1,2,2,35-44,45-54,No,No,1,1,1,,,,,10,,,,3182,37.81,119500,130,431,819,44
2024,549300MGPZBLQDIL7538,41740,CA,06073,06073000800,C,VA:First Lien,Single Family (1-4 Units):Site-Built,Not Hispanic or Latino,White,Male,1,2,2,3,1,1,2,2,2,1185000.0,95.393,6.25,0.057,2,18833.86,NA,4353.95,,15,360,NA,NA,2,2,2,2,1235000,1,1,3,5,2,NA,185,50%-60%,3,2,2,,,,,2,,,,,2,2,5,,,,,5,,,,,2,2,1,1,2,2,25-34,25-34,No,No,1,1,1,,,,,10,,,,4890,45.58,119500,99,924,1388,47
2024,549300MGPZBLQDIL7538,41740,CA,06073,06073000901,C,Conventional:First Lien,Single Family (1-4 Units):Site-Built,Ethnicity Not Available,Race Not Available,Male,1,3,2,1,1,1,2,2,2,565000.0,85,6.625,0,2,6847.2,NA,1995,,4935,360,NA,NA,2,2,2,2,675000,1,1,3,5,1,NA,143,41,3,10,3,,,,,5,,,,,2,4,6,,,,,8,,,,,2,4,1,5,2,4,25-34,9999,No,NA,1,1,1,,,,,10,,,,3184,52.7,119500,92,283,302,43
2024,549300MGPZBLQDIL7538,41740,CA,06073,06073001000,C,Conventional:First Lien,Single Family (1-4 Units):Site-Built,Not Hispanic or Latino,Joint,Joint,1,3,2,1,1,1,2,2,2,675000.0,90,6.99,1.002,2,13592.75,NA,8267.5,6772.5,,360,NA,NA,2,2,2,2,755000,1,1,3,5,1,NA,297,30%-<36%,1,2,2,,,,,2,,,,,2,2,5,,,,,2,25,,,,2,2,2,1,2,2,25-34,25-34,No,No,1,1,2,,,,,10,,,,4690,44.8,119500,76,579,1143,55
2024,549300MGPZBLQDIL7538,41740,CA,06073,06073001700,C,VA:First Lien,Single Family (1-4 Units):Site-Built,Joint,Joint,Joint,1,2,1,3,1,1,2,2,2,815000.0,100,5.99,-0.628,2,22664.25,NA,0,,,360,NA,NA,2,2,2,2,805000,1,1,3,5,1,NA,217,38,3,1,1,14,,,,2,,,,,2,2,5,,,,,2,23,,,,2,2,1,2,2,2,35-44,35-44,No,No,1,1,1,,,,,10,,,,4521,55.87,119500,81,625,1126,48
2024,549300MGPZBLQDIL7538,41740,CA,06073,06073001900,C,FHA:First Lien,Single Family (1-4 Units):Site-Built,Hispanic or Latino,White,Joint,1,71,2,2,1,1,2,2,2,805000.0,90,6.25,0.231,2,20690.25,NA,1795,,,360,NA,NA,2,2,2,2,885000,1,1,3,5,1,NA,175,45,1,1,1,11,,,,1,,,,,2,2,5,,,,,6,,,,,2,2,1,2,2,2,25-34,25-34,No,No,1,1,1,,,,,10,,,,3036,33.2,119500,116,972,1461,0
2024,549300MGPZBLQDIL7538,41740,CA,06073,06073002001,NC,Conventional:First Lien,Single Family (1-4 Units):Site-Built,Ethnicity Not Available,White,Male,1,71,2,1,1,1,2,2,2,1585000.0,80,6.5,0.237,2,12200.33,NA,4481.08,2636.08,,360,NA,NA,2,2,2,2,1985000,1,1,3,5,1,NA,648,20%-<30%,2,10,3,,,,,5,,,,,2,4,5,,,,,8,,,,,2,4,1,5,2,4,55-64,9999,Yes,NA,1,1,1,,,,,10,,,,3459,22.84,119500,201,1190,1508,78
2024,549300MGPZBLQDIL7538,41740,CA,06073,06073002301,C,Conventional:First Lien,Single Family (1-4 Units):Site-Built,Not Hispanic or Latino,Joint,Joint,1,1,2,1,1,1,2,2,2,575000.0,97,7.625,1.234,2,10137.38,NA,5349.48,,2000,360,NA,NA,2,2,2,2,595000,1,1,3,5,1,NA,251,20%-<30%,1,3,2,,,,,2,,,,,2,2,2,25,,,,5,,,,,2,2,2,1,2,2,25-34,25-34,No,No,1,1,1,,,,,10,,,,2976,82.46,119500,49,184,412,50
2024,549300MGPZBLQDIL7538,41740,CA,06073,06073002703,C,VA:First Lien,Single Family (1-4 Units):Site-Built,Hispanic or Latino,White,Male,1,0,2,3,1,1,2,2,2,465000.0,100,6.125,-0.411,2,10568.5,NA,0,2128.66,,360,NA,NA,2,2,2,2,455000,1,1,3,5,1,NA,106,50%-60%,1,10,1,,,,,5,,,,,2,4,5,,,,,8,,,,,2,4,1,5,2,4,<25,9999,No,NA,1,1,1,,,,,10,,,,7181,79.22,119500,76,1197,1511,58
2024,549300MGPZBLQDIL7538,41740,CA,06073,06073002709,C,VA:First Lien,Single Family (1-4 Units):Site-Built,Ethnicity Not Available,Race Not Available,Male,1,2,2,3,1,1,2,2,2,315000.0,100,6.25,-0.197,2,6708,NA,0,1670.03,,360,NA,NA,2,2,2,2,315000,1,1,3,5,1,NA,127,30%-<36%,2,10,3,,,,,5,,,,,2,4,6,,,,,8,,,,,2,4,1,5,2,4,55-64,9999,No,NA,1,1,1,,,,,10,,,,3487,88.44,119500,36,263,644,52
2024,549300MGPZBLQDIL7538,41740,CA,06073,06073002710,C,Conventional:First Lien,Single Family (1-4 Units):Site-Built,Joint,Asian,Joint,1,1,2,1,1,1,2,2,2,635000.0,85,7.25,0.366,2,13305.19,NA,8714.79,6614.79,,360,NA,NA,2,2,2,2,745000,1,1,3,5,1,NA,206,46,3,2,1,11,,,,2,,,,,2,2,2,23,,,,23,,,,,2,2,2,1,2,2,25-34,35-44,No,No,1,1,1,,,,,10,,,,3943,92.04,119500,62,375,721,53
2024,549300MGPZBLQDIL7538,41740,CA,06073,06073002712,C,Conventional:First Lien,Single Family (1-4 Units):Site-Built,Ethnicity Not Available,Race Not Available,Joint,1,3,2,1,1,1,2,2,2,415000.0,80.392,6.99,0.719,2,9311.65,NA,4974.3,3579.3,25,360,NA,NA,2,2,2,2,515000,1,1,3,5,1,NA,239,49,3,3,3,,,,,3,,,,,2,2,6,,,,,6,,,,,2,2,2,1,2,2,>74,>74,Yes,Yes,1,1,2,,,,,10,,,,4952,85.9,119500,59,856,1183,48
2024,549300MGPZBLQDIL7538,41740,CA,06073,06073002712,C,Conventional:First Lien,Single Family (1-4 Units):Site-Built,Not Hispanic or Latino,Asian,Sex Not Available,1,1,2,1,1,1,2,2,1,315000.0,65,8,NA,3,NA,NA,NA,NA,NA,360,NA,NA,2,2,2,2,495000,1,3,3,5,1,NA,311,30%-<36%,1,1,2,,,,,2,,,,,2,2,2,,,,,2,,,,,2,2,3,2,2,2,25-34,25-34,No,No,1,1,2,,,,,10,,,,4952,85.9,119500,59,856,1183,48
2024,549300MGPZBLQDIL7538,41740,CA,06073,06073002803,C,Conventional:First Lien,Single Family (1-4 Units):Site-Built,Joint,White,Joint,1,71,2,1,1,1,2,2,2,685000.0,81.928,7.125,1.242,2,6464.75,NA,1744,,150,360,NA,NA,2,2,2,2,835000,1,1,3,5,1,NA,199,43,3,2,2,,,,,1,11,,,,2,2,5,,,,,5,,,,,2,2,1,2,2,2,35-44,25-34,No,No,1,1,1,,,,,10,,,,5495,60.64,119500,60,651,1370,52
2024,549300MGPZBLQDIL7538,41740,CA,06073,06073002803,C,Conventional:First Lien,Single Family (1-4 Units):Site-Built,Not Hispanic or Latino,White,Male,1,0,2,1,1,1,2,2,2,455000.0,85,7.375,0.805,2,7371.2,NA,1995,,,360,NA,NA,2,2,2,2,535000,1,1,3,5,1,NA,109,49,3,10,2,,,,,5,,,,,2,4,5,,,,,8,,,,,2,4,1,5,2,4,25-34,9999,No,NA,1,1,1,,,,,10,,,,5495,60.64,119500,60,651,1370,52
2024,549300MGPZBLQDIL7538,41740,CA,06073,06073002803,C,Conventional:First Lien,Single Family (1-4 Units):Site-Built,Not Hispanic or Latino,White,Male,1,1,1,1,1,1,2,2,2,605000.0,75,7.125,0.282,2,8807.81,NA,4259.06,2264.06,,360,NA,NA,2,2,2,2,805000,1,1,3,5,1,NA,406,<20%,3,2,2,,,,,2,,,,,2,2,5,,,,,5,,,,,2,2,1,1,2,2,35-44,25-34,No,No,1,1,1,,,,,10,,,,5495,60.64,119500,60,651,1370,52
2024,549300MGPZBLQDIL7538,41740,CA,06073,06073002803,C,Conventional:Subordinate Lien,Single Family (1-4 Units):Site-Built,Not Hispanic or Latino,White,Joint,1,9,2,1,1,2,2,2,2,15000.0,100,1,NA,3,NA,NA,NA,NA,NA,360,NA,NA,2,2,1,2,515000,1,1,3,5,1,NA,137,47,2,3,2,,,,,2,,,,,2,2,5,,,,,5,,,,,2,2,2,1,2,2,25-34,25-34,No,No,1,1,6,,,,,10,,,,5495,60.64,119500,60,651,1370,52
2024,549300MGPZBLQDIL7538,41740,CA,06073,06073002804,C,Conventional:First Lien,Single Family (1-4 Units):Site-Built,Not Hispanic or Latino,Asian,Joint,1,9,2,1,1,1,2,2,1,845000.0,70,7.625,NA,3,NA,NA,NA,NA,NA,360,NA,NA,2,2,2,2,1205000,1,3,3,5,1,NA,441,36,1,3,2,,,,,2,,,,,2,2,21,,,,,21,,,,,2,2,1,2,2,2,45-54,45-54,No,No,1,1,2,,,,,10,,,,4864,42.48,119500,124,886,1536,65
2024,549300MGPZBLQDIL7538,41740,CA,06073,06073002902,C,Conventional:First Lien,Single Family (1-4 Units):Site-Built,Not Hispanic or Latino,Joint,Male,1,1,2,1,1,1,2,2,2,675000.0,90,7.375,1.15,2,11300.75,NA,5045.5,3550.5,,360,NA,NA,2,2,2,2,755000,1,1,3,5,1,NA,215,49,2,1,2,,,,,3,,,,,2,2,5,,,,,2,5,23,,,2,2,1,1,2,2,45-54,45-54,No,No,1,1,1,,,,,10,,,,6540,53.2,119500,90,1070,1532,60
2024,549300MGPZBLQDIL7538,41740,CA,06073,06073002902,C,Conventional:First Lien,Single Family (1-4 Units):Site-Built,Not Hispanic or Latino,Native Hawaiian or Other Pacific Islander,Female,1,3,2,1,1,1,2,2,2,325000.0,39.752,6.125,0.279,2,10377.46,NA,6990.6,5145.6,,360,NA,NA,2,2,2,2,805000,1,1,3,5,1,NA,91,42,2,10,2,,,,,5,,,,,2,4,4,5,42,,,8,,,,,2,4,2,5,2,4,45-54,9999,No,NA,1,1,2,,,,,10,,,,6540,53.2,119500,90,1070,1532,60
2024,549300MGPZBLQDIL7538,41740,CA,06073,06073002902,C,Conventional:First Lien,Single Family (1-4 Units):Site-Built,Not Hispanic or Latino,White,Male,1,3,1,1,1,1,2,2,2,745000.0,85,7.49,0.435,2,6750.4,NA,2100,,2446.94,360,NA,NA,2,2,2,2,875000,1,1,3,5,1,NA,255,49,1,10,2,,,,,5,,,,,2,4,5,,,,,8,,,,,2,4,1,5,2,4,55-64,9999,No,NA,1,1,2,,,,,10,,,,6540,53.2,119500,90,1070,1532,60
2024,549300MGPZBLQDIL7538,41740,CA,06073,06073002902,C,Conventional:First Lien,Single Family (1-4 Units):Site-Built,Not Hispanic or Latino,White,Male,1,9,2,1,1,1,2,2,1,705000.0,60,8.25,NA,3,NA,NA,NA,NA,NA,360,NA,NA,2,2,2,2,1175000,1,3,3,5,1,NA,NA,NA,1,10,2,,,,,5,,,,,2,4,5,,,,,8,,,,,2,4,1,5,2,4,45-54,9999,No,NA,1,1,6,,,,,10,,,,6540,53.2,119500,90,1070,1532,60
2024,549300MGPZBLQDIL7538,41740,CA,06073,06073002903,C,Conventional:First Lien,Single Family (1-4 Units):Site-Built,Ethnicity Not Available,Race Not Available,Sex Not Available,1,3,2,1,1,1,2,2,2,585000.0,80,6.625,0.026,2,8248.1,NA,4758.16,2768.16,,360,NA,NA,2,2,2,2,735000,1,1,3,5,1,NA,120,48,2,10,3,,,,,5,,,,,2,4,6,,,,,8,,,,,2,4,3,5,2,4,45-54,9999,No,NA,1,1,1,,,,,10,,,,3826,65.5,119500,83,982,1325,63
2024,549300MGPZBLQDIL7538,41740,CA,06073,06073002905,C,Conventional:First Lien,Single Family (1-4 Units):Site-Built,Joint,White,Joint,1,9,1,1,1,1,2,2,2,615000.0,95,6.875,0.407,2,17634.52,NA,11500.12,,,360,NA,NA,2,2,2,2,805000,1,1,3,5,1,NA,124,49,1,1,2,,,,,1,,,,,2,2,5,,,,,5,,,,,2,2,1,2,2,2,35-44,35-44,No,No,1,1,1,,,,,10,,,,4335,62.63,119500,76,721,1309,54
2024,549300MGPZBLQDIL7538,41740,CA,06073,06073002905,C,Conventional:First Lien,Single Family (1-4 Units):Site-Built,Not Hispanic or Latino,Joint,Joint,1,6,2,1,1,1,2,2,2,345000.0,90,6.625,0.438,2,15278.37,NA,11237.12,8657.12,,360,NA,NA,2,2,2,2,375000,1,1,3,5,1,NA,200,44,1,2,2,,,,,2,,,,,2,2,3,5,,,,5,,,,,2,2,1,2,2,2,<25,45-54,No,No,1,1,1,,,,,10,,,,4335,62.63,119500,76,721,1309,54
2024,549300MGPZBLQDIL7538,41740,CA,06073,06073002905,C,Conventional:Subordinate Lien,Single Family (1-4 Units):Site-Built,Joint,White,Joint,1,9,2,1,1,2,2,2,2,155000.0,92.812,NA,NA,3,NA,NA,NA,NA,NA,360,NA,NA,2,2,1,2,825000,1,1,3,5,1,NA,124,49,1,1,2,,,,,1,,,,,2,2,5,,,,,5,,,,,2,2,1,2,2,2,35-44,35-44,No,No,1,1,6,,,,,10,,,,4335,62.63,119500,76,721,1309,54
2024,549300MGPZBLQDIL7538,41740,CA,06073,06073003103,C,VA:First Lien,Single Family (1-4 Units):Site-Built,Hispanic or Latino,White,Joint,1,2,2,3,1,1,2,2,2,855000.0,100,6.75,-0.104,2,7884.25,NA,1995,,85,360,NA,NA,2,2,2,2,855000,1,1,3,5,1,NA,282,48,1,2,1,11,,,,1,11,,,,2,2,5,,,,,5,,,,,2,2,1,2,2,2,35-44,25-34,No,No,1,1,1,,,,,10,,,,6242,92.58,119500,75,1384,1774,55
2024,549300MGPZBLQDIL7538,41740,CA,06073,06073003107,C,Conventional:Subordinate Lien,Single Family (1-4 Units):Site-Built,Hispanic or Latino,White,Joint,1,9,2,1,1,2,2,2,2,25000.0,99.921,9.75,NA,3,NA,NA,NA,NA,NA,120,NA,NA,2,2,2,2,795000,1,1,3,5,1,NA,93,>60%,3,1,1,11,,,,1,11,,,,2,2,5,,,,,5,,,,,2,2,1,2,2,2,45-54,45-54,No,No,1,1,6,,,,,10,,,,5870,86.87,119500,93,1202,1523,50
2024,549300MGPZBLQDIL7538,41740,CA,06073,06073003107,C,FHA:First Lien,Single Family (1-4 Units):Site-Built,Hispanic or Latino,White,Joint,1,9,2,2,1,1,2,2,2,775000.0,99.921,7.75,2.317,2,31243.12,NA,12648.25,,,360,NA,NA,2,2,2,2,795000,1,1,3,5,1,NA,269,42,3,1,1,11,,,,1,11,,,,2,2,5,,,,,5,,,,,2,2,1,2,2,2,45-54,45-54,No,No,1,1,1,,,,,10,,,,5870,86.87,119500,93,1202,1523,50
2024,549300MGPZBLQDIL7538,41740,CA,06073,06073003207,C,Conventional:First Lien,Single Family (1-4 Units):Site-Built,Hispanic or Latino,White,Female,1,71,2,1,1,1,2,2,1,325000.0,46.429,6.25,NA,3,NA,NA,NA,NA,NA,360,NA,NA,2,2,2,2,705000,1,3,3,5,1,NA,540,20%-<30%,3,10,1,11,,,,5,,,,,2,4,5,,,,,8,,,,,2,4,2,5,2,4,55-64,9999,No,NA,2,1,1,,,,,10,,,,6024,72.34,119500,133,1204,1446,41
2024,549300MGPZBLQDIL7538,41740,CA,06073,06073003208,C,Conventional:Subordinate Lien,Single Family (1-4 Units):Site-Built,Not Hispanic or Latino,White,Joint,1,9,2,1,1,2,2,2,2,15000.0,100,1,NA,3,NA,NA,NA,NA,NA,360,NA,NA,2,2,1,2,635000,1,1,3,5,1,NA,233,36,2,3,2,,,,,2,,,,,2,2,5,,,,,5,,,,,2,2,1,2,2,2,45-54,45-54,No,No,1,1,6,,,,,10,,,,6944,91.98,119500,71,960,1580,45
2024,549300MGPZBLQDIL7538,41740,CA,06073,06073003209,C,Conventional:First Lien,Single Family (1-4 Units):Site-Built,Hispanic or Latino,White,Joint,1,0,2,1,1,1,2,2,2,715000.0,89.99,6.99,0.608,2,13592.32,NA,9431.92,6439.89,,360,NA,NA,2,2,2,2,785000,1,1,3,5,1,NA,217,43,2,3,1,11,,,,1,11,,,,2,2,5,,,,,5,,,,,2,2,2,1,2,2,35-44,35-44,No,No,1,1,2,,,,,10,,,,5397,91.75,119500,80,704,958,36
2024,549300MGPZBLQDIL7538,41740,CA,06073,06073003209,C,VA:First Lien,Single Family (1-4 Units):Site-Built,Hispanic or Latino,Asian,Male,1,2,2,3,1,1,2,2,2,445000.0,100,6.625,-0.095,2,6757.15,NA,2781.25,2781.25,,360,NA,NA,2,2,2,2,445000,1,1,3,5,1,NA,105,50%-60%,2,10,1,11,,,,5,,,,,2,4,2,5,23,,,8,,,,,2,4,1,5,2,4,35-44,9999,No,NA,1,1,1,,,,,10,,,,5397,91.75,119500,80,704,958,36
2024,549300MGPZBLQDIL7538,41740,CA,06073,06073003209,C,VA:First Lien,Single Family (1-4 Units):Site-Built,Not Hispanic or Latino,White,Male,1,2,2,3,1,1,2,2,2,635000.0,100,5.5,-0.326,2,20614.56,NA,1915.31,1915.31,,360,NA,NA,2,2,2,2,625000,1,1,3,5,1,NA,92,>60%,3,10,2,,,,,5,,,,,2,4,5,,,,,8,,,,,2,4,1,5,2,4,25-34,9999,No,NA,1,1,1,,,,,10,,,,5397,91.75,119500,80,704,958,36
2024,549300MGPZBLQDIL7538,41740,CA,06073,06073003305,C,VA:First Lien,Single Family (1-4 Units):Site-Built,Ethnicity Not Available,Black or African American,Male,1,2,2,3,1,1,2,2,2,765000.0,100,6.625,0.254,2,24465,NA,1195,,4052.29,360,NA,NA,2,2,2,2,755000,1,1,3,5,1,NA,133,>60%,1,10,3,,,,,5,,,,,2,4,3,,,,,8,,,,,2,4,1,5,2,4,35-44,9999,No,NA,2,1,1,,,,,10,,,,5823,96.55,119500,53,343,840,47
2024,549300MGPZBLQDIL7538,41740,CA,06073,06073003401,C,Conventional:First Lien,Single Family (1-4 Units):Site-Built,Not Hispanic or Latino,Black or African American,Male,1,9,1,1,1,1,2,2,2,765000.0,99.522,7,1.117,2,20274.25,NA,16825,,3832.5,360,NA,NA,2,2,2,2,815000,1,1,3,5,1,NA,218,46,1,1,2,,,,,3,,,,,2,2,3,,,,,6,,,,,2,2,1,3,2,2,25-34,25-34,No,No,1,1,1,,,,,10,,,,6259,81.87,119500,68,1243,1669,53
2024,549300MGPZBLQDIL7538,41740,CA,06073,06073003401,C,Conventional:Subordinate Lien,Single Family (1-4 Units):Site-Built,Not Hispanic or Latino,Black or African American,Male,1,9,2,1,1,2,2,2,2,15000.0,99.522,NA,NA,3,NA,NA,NA,NA,NA,360,NA,NA,2,2,1,2,815000,1,1,3,5,1,NA,221,46,1,1,2,,,,,3,,,,,2,2,3,,,,,6,,,,,2,2,1,3,2,2,25-34,25-34,No,No,1,1,6,,,,,10,,,,6259,81.87,119500,68,1243,1669,53
2024,549300MGPZBLQDIL7538,41740,CA,06073,06073003401,C,Conventional:Subordinate Lien,Single Family (1-4 Units):Site-Built,Not Hispanic or Latino,Black or African American,Male,1,9,2,1,1,2,2,2,2,25000.0,99.522,1,NA,3,NA,NA,NA,NA,NA,360,NA,NA,2,2,1,2,815000,1,1,3,5,1,NA,218,46,1,1,2,,,,,3,,,,,2,2,3,,,,,6,,,,,2,2,1,3,2,2,25-34,25-34,No,No,1,1,6,,,,,10,,,,6259,81.87,119500,68,1243,1669,53
2024,549300MGPZBLQDIL7538,41740,CA,06073,06073003403,C,Conventional:First Lien,Single Family (1-4 Units):Site-Built,Ethnicity Not Available,Race Not Available,Sex Not Available,1,3,1,1,1,1,2,2,2,835000.0,67.755,6.875,0.137,2,15475.45,NA,8867.4,6872.4,25,360,NA,NA,2,2,2,2,1225000,1,1,3,5,2,NA,243,49,1,1,3,,,,,3,,,,,2,2,6,,,,,6,,,,,2,2,3,1,2,2,25-34,55-64,No,Yes,1,1,1,,,,,10,,,,4054,94.33,119500,47,478,1090,63
2024,549300MGPZBLQDIL7538,41740,CA,06073,06073003603,C,VA:First Lien,Single Family (1-4 Units):Site-Built,Hispanic or Latino,Race Not Available,Joint,1,2,2,3,1,1,2,2,2,935000.0,100,6.25,-0.182,2,20480,NA,0,2518.61,,360,NA,NA,2,2,2,2,925000,1,1,3,5,2,NA,157,50%-60%,2,3,1,,,,,1,,,,,2,2,6,,,,,6,,,,,2,2,1,2,2,2,25-34,25-34,No,No,1,1,1,,,,,10,,,,4092,94.72,119500,54,243,991,55
2024,549300MGPZBLQDIL7538,41740,CA,06073,06073003603,C,VA:First Lien,Single Family (1-4 Units):Site-Built,Hispanic or Latino,Race Not Available,Male,1,2,1,3,1,1,2,2,1,1075000.0,100,5.875,NA,3,NA,NA,NA,NA,NA,360,NA,NA,2,2,2,2,1075000,1,1,3,5,4,NA,281,41,3,1,1,,,,,1,,,,,2,2,6,,,,,6,,,,,2,2,1,1,2,2,25-34,25-34,No,No,1,1,1,,,,,10,,,,4092,94.72,119500,54,243,991,55
2024,549300MGPZBLQDIL7538,41740,CA,06073,06073004300,NC,Conventional:First Lien,Single Family (1-4 Units):Site-Built,Not Hispanic or Latino,Race Not Available,Joint,1,0,2,1,1,1,2,2,2,1365000.0,80,6.375,0.049,2,9773.15,NA,2956.8,856.8,,360,NA,84,2,2,2,2,1705000,1,1,3,5,1,NA,717,38,3,1,2,,,,,2,,,,,2,2,6,,,,,5,,,,,2,2,1,2,2,2,35-44,25-34,No,No,1,1,1,,,,,10,,,,3660,36.23,119500,88,736,1577,78
2024,549300MGPZBLQDIL7538,41740,CA,06073,06073005201,C,Conventional:First Lien,Single Family (1-4 Units):Site-Built,Hispanic or Latino,White,Male,1,3,2,1,1,1,2,2,2,405000.0,80,6.625,0.154,2,8981.06,NA,3574.56,2379.56,184,360,NA,NA,2,2,2,2,505000,1,1,3,5,1,NA,158,36,2,10,1,,,,,5,,,,,2,4,5,,,,,8,,,,,2,4,1,5,2,4,25-34,9999,No,NA,2,1,1,,,,,10,,,,3562,51.49,119500,61,226,12,13
2024,549300MGPZBLQDIL7538,41740,CA,06073,06073005402,C,Conventional:First Lien,Single Family (1-4 Units):Site-Built,Ethnicity Not Available,Race Not Available,Sex Not Available,1,1,2,1,1,1,2,2,2,1005000.0,68.452,5.99,0.286,2,42371.19,NA,35574.94,9649.94,,360,NA,NA,2,2,2,2,1475000,1,1,3,5,1,NA,579,30%-<36%,1,10,3,,,,,5,,,,,2,4,6,,,,,8,,,,,2,4,3,5,2,4,35-44,9999,No,NA,1,1,1,,,,,10,,,,4126,32.09,119500,127,1032,161,20
2024,549300MGPZBLQDIL7538,41740,CA,06073,06073005403,C,VA:First Lien,Single Family (1-4 Units):Site-Built,Joint,Asian,Male,1,2,1,3,1,1,2,2,2,945000.0,97.927,6.25,-0.02,2,8735.25,NA,1995,,,360,NA,NA,2,2,2,2,965000,1,1,3,5,1,NA,238,50%-60%,3,1,2,,,,,2,12,,,,2,2,2,23,,,,1,3,,,,2,2,1,3,2,2,25-34,25-34,No,No,1,1,1,,,,,10,,,,3705,37.81,119500,155,1082,187,22
2024,549300MGPZBLQDIL7538,41740,CA,06073,06073005601,C,Conventional:First Lien,Single Family (1-4 Units):Site-Built,Ethnicity Not Available,Race Not Available,Female,1,3,2,1,1,1,2,2,2,505000.0,80,6.125,0.172,2,9732.16,NA,5618.41,3313.33,,360,NA,NA,2,2,2,2,635000,1,1,3,5,1,NA,155,38,3,10,3,,,,,5,,,,,2,4,6,,,,,8,,,,,2,4,2,5,2,4,35-44,9999,No,NA,1,1,2,,,,,10,,,,2728,48.17,119500,119,357,68,18
2024,549300MGPZBLQDIL7538,41740,CA,06073,06073005602,C,Conventional:First Lien,Single Family (1-4 Units):Site-Built,Hispanic or Latino,White,Male,1,1,2,1,1,1,2,2,2,565000.0,95,7.125,0.521,2,9433.68,NA,4001.43,2051.43,,360,NA,NA,2,2,2,2,595000,1,1,3,5,1,NA,251,42,3,3,1,,,,,3,,,,,2,2,5,,,,,6,,,,,2,2,1,3,2,2,35-44,35-44,No,No,1,1,1,,,,,10,,,,2365,43.68,119500,182,604,55,18
2024,549300MGPZBLQDIL7538,41740,CA,06073,06073005602,C,Conventional:First Lien,Single Family (1-4 Units):Site-Built,Hispanic or Latino,White,Male,1,3,1,1,1,1,2,2,2,695000.0,95,6.625,0.053,2,18616.31,NA,13687.61,6925.5,,360,NA,NA,2,2,2,2,725000,1,1,3,5,1,NA,240,47,1,10,1,12,,,,5,,,,,2,4,5,,,,,8,,,,,2,4,1,5,2,4,25-34,9999,No,NA,1,1,1,,,,,10,,,,2365,43.68,119500,182,604,55,18
2024,549300MGPZBLQDIL7538,41740,CA,06073,06073005602,C,Conventional:First Lien,Single Family (1-4 Units):Site-Built,Not Hispanic or Latino,White,Male,1,1,2,1,1,1,2,2,2,525000.0,44.681,6.875,0.253,2,14367.15,NA,8277.25,6683.25,24,360,NA,NA,2,2,2,2,1175000,1,1,3,5,1,NA,150,45,2,10,2,,,,,5,,,,,2,4,5,,,,,8,,,,,2,4,1,5,2,4,55-64,9999,No,NA,1,1,1,,,,,10,,,,2365,43.68,119500,182,604,55,18
2024,549300MGPZBLQDIL7538,41740,CA,06073,06073005802,C,Conventional:First Lien,Single Family (1-4 Units):Site-Built,Hispanic or Latino,White,Joint,1,0,2,1,1,1,2,2,1,205000.0,38.318,7.49,NA,3,NA,NA,NA,NA,NA,360,NA,NA,2,2,2,2,535000,1,3,3,5,1,NA,293,41,3,1,1,14,,,,1,14,,,,2,2,5,,,,,5,,,,,2,2,1,2,2,2,45-54,45-54,No,No,1,1,2,,,,,10,,,,2535,32.35,119500,139,366,205,16
2024,549300MGPZBLQDIL7538,41740,CA,06073,06073006801,C,Conventional:First Lien,Single Family (1-4 Units):Site-Built,Ethnicity Not Available,Race Not Available,Female,1,3,2,1,1,1,2,2,2,355000.0,50,6.99,0.457,2,9196,NA,4463.75,2323.75,,360,NA,NA,2,2,2,2,715000,1,1,3,5,1,NA,125,36,2,10,3,,,,,5,,,,,2,4,6,,,,,8,,,,,2,4,2,5,2,4,25-34,9999,No,NA,1,1,2,,,,,10,,,,2739,42.75,119500,69,447,414,44
2024,549300MGPZBLQDIL7538,41740,CA,06073,06073007100,NC,Conventional:First Lien,Single Family (1-4 Units):Site-Built,Not Hispanic or Latino,Joint,Joint,1,9,2,1,1,1,2,2,2,1225000.0,80,6.75,0.777,2,12881.05,NA,6974.8,4834.8,,360,NA,NA,2,2,2,2,1535000,1,1,3,5,1,NA,509,45,2,2,2,,,,,2,,,,,2,2,5,,,,,2,,,,,2,2,1,2,2,2,35-44,25-34,No,No,1,1,6,,,,,10,,,,4646,18.14,119500,187,1739,1814,60
2024,549300MGPZBLQDIL7538,41740,CA,06073,06073007200,C,Conventional:First Lien,Single Family (1-4 Units):Site-Built,Ethnicity Not Available,Race Not Available,Sex Not Available,1,6,1,1,1,1,2,2,2,1005000.0,27.778,6.5,0.289,2,9195.86,NA,1995,,,360,NA,84,2,2,2,2,3605000,1,1,3,5,1,NA,649,20%-<30%,1,1,3,,,,,3,,,,,2,2,6,,,,,6,,,,,2,2,3,3,2,2,55-64,55-64,No,Yes,1,1,6,,,,,10,,,,5589,23.65,119500,161,1223,1540,66
2024,549300MGPZBLQDIL7538,41740,CA,06073,06073007304,C,Conventional:First Lien,Single Family (1-4 Units):Site-Built,Not Hispanic or Latino,Asian,Female,1,0,1,1,1,1,2,2,2,405000.0,67.5,6.99,0.253,2,7072.75,NA,2140,,1000,360,NA,NA,2,2,2,2,605000,1,1,3,5,1,NA,90,49,3,10,2,,,,,5,,,,,2,4,2,23,,,,8,,,,,2,4,2,5,2,4,25-34,9999,No,NA,1,1,1,,,,,10,,,,3303,25.28,119500,102,502,1054,62
2024,549300MGPZBLQDIL7538,41740,CA,06073,06073007501,C,Conventional:First Lien,Single Family (1-4 Units):Site-Built,Ethnicity Not Available,Race Not Available,Joint,1,3,2,1,1,1,2,2,2,965000.0,72.83,7,0.277,2,9038.25,NA,2276,386,,360,NA,NA,2,2,2,2,1325000,1,1,3,5,1,NA,280,42,2,2,3,,,,,3,,,,,2,2,6,,,,,6,,,,,2,2,2,1,2,2,45-54,45-54,No,No,1,1,2,,,,,10,,,,3993,28.05,119500,119,369,1417,54
2024,549300MGPZBLQDIL7538,41740,CA,06073,06073008307,C,Conventional:First Lien,Single Family (1-4 Units):Site-Built,Not Hispanic or Latino,Race Not Available,Female,1,1,2,1,1,1,2,2,2,285000.0,75,6.625,-0.059,2,7137.75,NA,3371.55,1876.55,,360,NA,NA,2,2,2,2,375000,1,1,3,5,1,NA,77,49,3,10,2,,,,,5,,,,,2,4,6,,,,,8,,,,,2,4,2,5,2,4,65-74,9999,Yes,NA,1,1,1,,,,,10,,,,3887,32.93,119500,168,1299,1441,50
2024,549300MGPZBLQDIL7538,41740,CA,06073,06073008330,NC,Conventional:First Lien,Single Family (1-4 Units):Site-Built,Ethnicity Not Available,Race Not Available,Joint,1,9,2,1,1,1,2,2,2,1335000.0,80,7.625,0.951,2,8923.9,NA,2100,,,360,NA,NA,2,2,2,2,1665000,1,1,3,5,1,NA,287,46,3,3,3,,,,,3,,,,,2,2,6,,,,,6,,,,,2,2,2,1,2,2,35-44,35-44,No,No,1,1,1,,,,,10,,,,5524,45.93,119500,213,1286,1511,30
2024,549300MGPZBLQDIL7538,41740,CA,06073,06073008343,C,Conventional:First Lien,Single Family (1-4 Units):Site-Built,Ethnicity Not Available,Race Not Available,Male,1,9,2,1,1,1,2,2,1,715000.0,75,7.99,NA,3,NA,NA,NA,NA,NA,360,NA,NA,2,2,2,2,955000,1,3,3,5,1,NA,264,44,1,10,3,,,,,5,,,,,2,4,6,,,,,8,,,,,2,4,1,5,2,4,45-54,9999,No,NA,1,1,1,,,,,10,,,,4322,59.21,119500,71,400,1171,42
2024,549300MGPZBLQDIL7538,41740,CA,06073,06073008347,C,Conventional:First Lien,Single Family (1-4 Units):Site-Built,Ethnicity Not Available,Race Not Available,Sex Not Available,1,3,2,1,1,1,2,2,2,865000.0,71.726,7.49,0.41,2,8607.9,NA,2100,,97,360,NA,NA,2,2,2,2,1195000,1,1,3,5,1,NA,180,49,1,10,3,,,,,5,,,,,2,4,6,,,,,8,,,,,2,4,3,5,2,4,35-44,9999,No,NA,1,1,2,,,,,10,,,,6598,71.99,119500,138,1703,2070,42
2024,549300MGPZBLQDIL7538,41740,CA,06073,06073008352,C,Conventional:First Lien,Single Family (1-4 Units):Site-Built,Not Hispanic or Latino,Joint,Joint,1,1,1,1,1,1,2,2,2,765000.0,69.371,6.625,-0.122,2,9284.28,NA,3911.38,1916.38,,360,NA,NA,2,2,2,2,1105000,1,1,3,5,1,NA,176,44,3,1,2,,,,,2,,,,,2,2,2,5,24,,,5,,,,,2,2,2,1,2,2,35-44,35-44,No,No,1,1,1,,,,,10,,,,3544,76.19,119500,99,508,738,43
2024,549300MGPZBLQDIL7538,41740,CA,06073,06073008357,C,Conventional:First Lien,Single Family (1-4 Units):Site-Built,Ethnicity Not Available,Race Not Available,Sex Not Available,1,3,2,1,1,1,2,2,2,445000.0,95,7.49,0.808,2,6502.75,NA,2100,,,360,NA,NA,2,2,2,2,475000,1,1,3,5,1,NA,109,47,2,10,3,,,,,5,,,,,2,4,6,,,,,8,,,,,2,4,3,5,2,4,35-44,9999,No,NA,1,1,1,,,,,10,,,,4500,83.09,119500,102,821,968,39
2024,549300MGPZBLQDIL7538,41740,CA,06073,06073008357,C,Conventional:First Lien,Single Family (1-4 Units):Site-Built,Not Hispanic or Latino,Asian,Male,1,3,2,1,1,1,2,2,2,325000.0,95,7.49,0.954,2,5767.4,NA,2100,,,360,NA,NA,2,2,2,2,345000,1,1,3,5,1,NA,96,40,1,10,2,,,,,5,,,,,2,4,21,,,,,8,,,,,2,4,1,5,2,4,35-44,9999,No,NA,1,1,1,,,,,10,,,,4500,83.09,119500,102,821,968,39
2024,549300MGPZBLQDIL7538,41740,CA,06073,06073008362,C,VA:First Lien,Single Family (1-4 Units):Site-Built,Not Hispanic or Latino,Race Not Available,Joint,1,0,1,3,1,1,2,2,2,865000.0,100,6.25,-0.299,2,23454.05,NA,220.8,,,360,NA,NA,2,2,2,2,845000,1,1,3,5,1,NA,295,39,3,3,2,,,,,2,,,,,2,2,6,,,,,6,,,,,2,2,1,2,2,2,35-44,35-44,No,No,1,1,1,,,,,10,,,,3334,41.12,119500,131,804,1081,43
2024,549300MGPZBLQDIL7538,41740,CA,06073,06073008364,C,Conventional:First Lien,Single Family (1-4 Units):Site-Built,Ethnicity Not Available,Race Not Available,Joint,1,3,2,1,1,1,2,2,2,465000.0,85,6.625,0.576,2,12074.53,NA,6773.83,4633.83,134.45,360,NA,NA,2,2,2,2,545000,1,1,3,5,1,NA,268,46,2,2,3,,,,,3,,,,,2,2,6,,,,,6,,,,,2,2,2,1,2,2,35-44,45-54,No,No,1,1,1,,,,,10,,,,5132,56.74,119500,100,636,919,35
2024,549300MGPZBLQDIL7538,41740,CA,06073,06073008369,C,Conventional:First Lien,Single Family (1-4 Units):Site-Built,Not Hispanic or Latino,White,Male,1,3,1,1,1,1,2,2,2,545000.0,75,7.49,0.736,2,7550.35,NA,2100,,,360,NA,NA,2,2,2,2,735000,1,1,3,5,1,NA,200,30%-<36%,3,10,2,,,,,5,,,,,2,4,5,,,,,8,,,,,2,4,1,5,2,4,25-34,9999,No,NA,1,1,1,,,,,10,,,,3151,49.76,119500,156,868,447,18
2024,549300MGPZBLQDIL7538,41740,CA,06073,06073008370,C,Conventional:First Lien,Single Family (1-4 Units):Site-Built,Not Hispanic or Latino,White,Male,1,9,1,1,1,1,2,2,2,735000.0,80,7.125,0.421,2,17968.35,NA,12478,10488,,360,NA,NA,2,2,2,2,925000,1,1,3,5,1,NA,200,49,3,10,2,,,,,5,,,,,2,4,5,,,,,8,,,,,2,4,1,5,2,4,35-44,9999,No,NA,1,1,1,,,,,10,,,,4080,43.58,119500,135,975,1258,30
2024,549300MGPZBLQDIL7538,41740,CA,06073,06073008377,C,Conventional:First Lien,Single Family (1-4 Units):Site-Built,Not Hispanic or Latino,Asian,Female,1,3,2,1,1,1,2,2,2,475000.0,64,6.99,0.762,2,5647.4,NA,2100,,,180,NA,NA,2,2,2,2,745000,1,1,3,5,1,NA,153,49,1,10,2,,,,,5,,,,,2,4,2,22,,,,8,,,,,2,4,2,5,2,4,55-64,9999,Yes,NA,1,1,1,,,,,10,,,,2608,57.9,119500,136,285,145,30
2024,549300MGPZBLQDIL7538,41740,CA,06073,06073008380,C,Conventional:First Lien,Single Family (1-4 Units):Site-Built,Ethnicity Not Available,Race Not Available,Joint,1,71,2,1,1,1,2,2,2,385000.0,27.544,7.25,0.735,2,11571.58,NA,4690.33,2550.33,,360,NA,NA,2,2,2,2,1405000,1,1,3,5,1,NA,139,48,1,2,3,,,,,3,,,,,2,2,6,,,,,6,,,,,2,2,1,2,2,2,45-54,45-54,No,No,1,1,2,,,,,10,,,,7165,72.03,119500,116,676,660,10
2024,549300MGPZBLQDIL7538,41740,CA,06073,06073008504,NC,Conventional:First Lien,Single Family (1-4 Units):Site-Built,Ethnicity Not Available,Race Not Available,Sex Not Available,1,9,1,1,1,1,2,2,2,1055000.0,75,6.375,0.043,2,8088.25,NA,2100,,,360,NA,NA,2,2,2,2,1405000,1,1,3,5,1,NA,417,20%-<30%,1,1,3,,,,,3,,,,,2,2,6,,,,,6,,,,,2,2,3,3,2,2,35-44,25-34,No,No,1,1,1,,,,,10,,,,6150,40.68,119500,130,1575,2257,62
2024,549300MGPZBLQDIL7538,41740,CA,06073,06073008507,C,Conventional:First Lien,Single Family (1-4 Units):Site-Built,Ethnicity Not Available,Race Not Available,Sex Not Available,1,3,1,1,1,1,2,2,2,575000.0,95,6.375,-0.015,2,14675.58,NA,9675.18,7910.18,,360,NA,NA,2,2,2,2,615000,1,1,3,5,1,NA,126,44,2,1,3,,,,,3,,,,,2,2,6,,,,,6,,,,,2,2,3,3,2,2,25-34,25-34,No,No,1,1,1,,,,,10,,,,7520,54.4,119500,96,1045,1460,50
2024,549300MGPZBLQDIL7538,41740,CA,06073,06073008509,C,Conventional:First Lien,Single Family (1-4 Units):Site-Built,Ethnicity Not Available,Race Not Available,Female,1,3,2,1,1,1,2,2,2,725000.0,95,5.99,0.202,2,6771.25,NA,1790,,2707.5,360,NA,NA,2,2,2,2,765000,1,1,3,5,1,NA,164,43,3,10,3,,,,,5,,,,,2,4,6,,,,,8,,,,,2,4,2,5,2,4,25-34,9999,No,NA,1,1,2,,,,,10,,,,6949,50.57,119500,120,1367,1712,51
2024,549300MGPZBLQDIL7538,41740,CA,06073,06073008512,NC,VA:First Lien,Single Family (1-4 Units):Site-Built,Ethnicity Not Available,Race Not Available,Sex Not Available,1,2,1,3,1,1,2,2,2,1655000.0,94.286,6.25,-0.618,2,10986.9,NA,3645,,825,360,NA,NA,2,2,2,2,1755000,1,1,3,5,1,NA,368,49,1,2,3,,,,,3,,,,,2,2,6,,,,,6,,,,,2,2,3,3,2,2,35-44,35-44,No,No,1,1,1,,,,,10,,,,4386,32.72,119500,126,1225,1499,58
2024,549300MGPZBLQDIL7538,41740,CA,06073,06073008702,C,Conventional:First Lien,Single Family (1-4 Units):Site-Built,Not Hispanic or Latino,Race Not Available,Joint,1,3,2,1,1,1,2,2,2,585000.0,75,6.99,0.536,2,7278.35,NA,1995,,,360,NA,NA,2,2,2,2,785000,1,1,3,5,1,NA,225,20%-<30%,3,1,2,,,,,2,,,,,2,2,6,,,,,6,,,,,2,2,2,1,2,2,25-34,35-44,No,No,1,1,1,,,,,10,,,,4750,60,119500,99,748,1212,49
2024,549300MGPZBLQDIL7538,41740,CA,06073,06073008702,C,VA:First Lien,Single Family (1-4 Units):Site-Built,Not Hispanic or Latino,Joint,Joint,1,0,2,3,1,1,2,2,2,675000.0,100,6.25,-0.422,2,6940.75,NA,1990,,677,360,NA,NA,2,2,2,2,675000,1,1,3,5,1,NA,190,50%-60%,1,2,2,,,,,2,,,,,2,2,3,,,,,5,,,,,2,2,1,2,2,2,35-44,35-44,No,No,1,1,1,,,,,10,,,,4750,60,119500,99,748,1212,49
2024,549300MGPZBLQDIL7538,41740,CA,06073,06073009101,C,Conventional:First Lien,Single Family (1-4 Units):Site-Built,Not Hispanic or Latino,White,Male,1,9,2,1,1,1,2,2,1,455000.0,36.4,7.875,NA,3,NA,NA,NA,NA,NA,360,NA,NA,2,2,2,2,1255000,1,3,3,5,1,NA,NA,NA,1,10,2,,,,,5,,,,,2,4,5,,,,,8,,,,,2,4,1,5,2,4,45-54,9999,No,NA,1,1,6,,,,,10,,,,5652,32.31,119500,105,1602,1911,56
2024,549300MGPZBLQDIL7538,41740,CA,06073,06073009104,C,Conventional:First Lien,Single Family (1-4 Units):Site-Built,Ethnicity Not Available,Race Not Available,Joint,1,3,2,1,1,1,2,2,2,255000.0,13.897,6.625,0.254,2,8196.9,NA,1995,,,360,NA,NA,2,2,2,2,1795000,1,1,3,5,1,NA,472,<20%,2,3,3,,,,,3,,,,,2,2,6,,,,,6,,,,,2,2,1,2,2,2,55-64,55-64,No,No,1,1,1,,,,,10,,,,2886,25.16,119500,114,914,1119,63
2024,549300MGPZBLQDIL7538,41740,CA,06073,06073009307,C,Conventional:First Lien,Single Family (1-4 Units):Site-Built,Ethnicity Not Available,Race Not Available,Female,1,1,2,1,1,1,2,2,2,565000.0,73.377,6.5,0.017,2,15004.25,NA,9771.05,8006.05,,360,NA,NA,2,2,2,2,775000,1,1,3,5,1,NA,202,30%-<36%,3,10,3,,,,,5,,,,,2,4,6,,,,,8,,,,,2,4,2,5,2,4,35-44,9999,No,NA,1,1,2,,,,,10,,,,4863,52.7,119500,70,323,149,25
2024,549300MGPZBLQDIL7538,41740,CA,06073,06073009308,C,Conventional:First Lien,Single Family (1-4 Units):Site-Built,Not Hispanic or Latino,Asian,Joint,1,3,2,1,1,1,2,2,2,685000.0,90,7.125,0.585,2,8001.9,NA,1995,,2000,360,NA,NA,2,2,2,2,765000,1,1,3,5,1,NA,177,41,2,1,2,,,,,2,,,,,2,2,2,24,,,,2,25,,,,2,2,1,2,2,2,25-34,25-34,No,No,1,1,2,,,,,10,,,,4319,52.95,119500,126,415,326,21
2024,549300MGPZBLQDIL7538,41740,CA,06073,06073009308,C,Conventional:First Lien,Single Family (1-4 Units):Site-Built,Not Hispanic or Latino,Asian,Male,1,1,1,1,1,1,2,2,2,175000.0,20.732,6.125,0.396,2,6395.25,NA,1495,,150,360,NA,NA,2,2,2,2,825000,1,1,3,5,1,NA,98,30%-<36%,1,10,2,,,,,5,,,,,2,4,2,22,,,,8,,,,,2,4,1,5,2,4,55-64,9999,No,NA,1,1,1,,,,,10,,,,4319,52.95,119500,126,415,326,21
2024,549300MGPZBLQDIL7538,41740,CA,06073,06073009502,C,Conventional:First Lien,Single Family (1-4 Units):Site-Built,Ethnicity Not Available,White,Joint,1,71,2,1,1,1,2,2,2,985000.0,70,6.125,0.164,2,8655.25,NA,2140,,2000,360,NA,NA,2,2,2,2,1405000,1,1,3,5,1,NA,284,41,3,3,3,,,,,3,,,,,2,2,5,,,,,5,,,,,2,2,1,2,2,2,45-54,35-44,No,No,1,1,2,,,,,10,,,,3801,43.86,119500,122,996,1260,0
2024,549300MGPZBLQDIL7538,41740,CA,06073,06073009502,C,Conventional:First Lien,Single Family (1-4 Units):Site-Built,Not Hispanic or Latino,Asian,Joint,1,3,2,1,1,1,2,2,2,765000.0,94.63,6.49,0.381,2,6750.25,NA,1495,,,360,NA,NA,2,2,2,2,815000,1,1,3,5,1,NA,170,48,3,1,2,,,,,2,,,,,2,2,2,26,,,,2,26,,,,2,2,6,2,2,2,35-44,35-44,No,No,1,1,1,,,,,10,,,,3801,43.86,119500,122,996,1260,0
2024,549300MGPZBLQDIL7538,41740,CA,06073,06073009602,C,Conventional:First Lien,Single Family (1-4 Units):Site-Built,Ethnicity Not Available,Asian,Female,1,0,2,1,1,1,2,2,2,805000.0,92.259,5.99,0.187,2,4453.1,NA,0,,,360,NA,NA,2,2,2,2,875000,1,1,3,5,1,NA,190,45,1,10,3,,,,,5,,,,,2,4,21,,,,,8,,,,,2,4,2,5,2,4,25-34,9999,No,NA,1,1,2,,,,,10,,,,3946,38.32,119500,137,1010,1365,57
2024,549300MGPZBLQDIL7538,41740,CA,06073,06073009603,C,Conventional:First Lien,Single Family (1-4 Units):Site-Built,Not Hispanic or Latino,White,Female,1,3,1,1,1,1,2,2,2,265000.0,44.444,6.125,0.207,2,5342.25,NA,1995,,,360,NA,NA,2,2,2,2,585000,1,1,3,5,1,NA,88,41,3,10,2,,,,,5,,,,,2,4,5,,,,,8,,,,,2,4,2,5,2,4,45-54,9999,No,NA,1,1,2,,,,,10,,,,6293,59.67,119500,62,983,496,44
2024,549300MGPZBLQDIL7538,41740,CA,06073,06073009603,C,Conventional:First Lien,Single Family (1-4 Units):Site-Built,Not Hispanic or Latino,White,Male,1,1,2,1,1,1,2,2,2,325000.0,80,6.49,-0.201,2,11364.25,NA,7445,5600,,360,NA,NA,2,2,2,2,405000,1,1,3,5,1,NA,200,<20%,1,10,2,,,,,5,,,,,2,4,5,,,,,8,,,,,2,4,1,5,2,4,45-54,9999,No,NA,1,1,1,,,,,10,,,,6293,59.67,119500,62,983,496,44
2024,549300MGPZBLQDIL7538,41740,CA,06073,06073009603,C,VA:First Lien,Single Family (1-4 Units):Site-Built,Not Hispanic or Latino,White,Joint,1,2,2,3,1,1,2,2,2,375000.0,100,6.75,0.151,2,12838.87,NA,932.12,932.12,,360,NA,NA,2,2,2,2,365000,1,1,3,5,1,NA,175,50%-60%,3,2,2,,,,,2,,,,,2,2,5,,,,,5,,,,,2,2,1,6,2,2,<25,<25,No,No,1,1,1,,,,,10,,,,6293,59.67,119500,62,983,496,44
2024,549300MGPZBLQDIL7538,41740,CA,06073,06073009604,C,Conventional:First Lien,Single Family (1-4 Units):Site-Built,Not Hispanic or Latino,White,Female,1,9,2,1,1,1,2,2,2,285000.0,30.106,6.625,-0.002,2,9521.88,NA,4833.48,2988.48,,360,NA,NA,2,2,2,2,945000,1,1,3,5,1,NA,97,45,2,1,2,,,,,2,,,,,2,2,5,,,,,5,,,,,2,2,2,2,2,2,65-74,55-64,Yes,No,1,1,1,,,,,10,,,,3553,45.37,119500,101,810,1017,60
2024,549300MGPZBLQDIL7538,41740,CA,06073,06073009703,C,Conventional:First Lien,Single Family (1-4 Units):Site-Built,Not Hispanic or Latino,White,Male,1,1,2,1,1,1,2,2,2,505000.0,58.824,6.625,-0.033,2,15174.75,NA,9740,7750,100,360,NA,NA,2,2,2,2,855000,1,1,3,5,1,NA,137,37,3,10,2,,,,,5,,,,,2,4,5,,,,,8,,,,,2,4,1,5,2,4,35-44,9999,No,NA,1,1,1,,,,,10,,,,3590,34.12,119500,114,1091,1329,64
2024,549300MGPZBLQDIL7538,41740,CA,06073,06073009705,C,Conventional:First Lien,Single Family (1-4 Units):Site-Built,Not Hispanic or Latino,Joint,Joint,1,3,2,1,1,1,2,2,2,845000.0,62.593,5.625,-0.656,2,14384.1,NA,7024.85,5179.85,,360,NA,NA,2,2,2,2,1355000,1,1,3,5,1,NA,169,49,3,2,2,,,,,2,,,,,2,2,5,22,,,,5,,,,,2,2,2,1,2,2,35-44,35-44,No,No,1,1,2,,,,,10,,,,3847,37.07,119500,152,1006,1038,52
2024,549300MGPZBLQDIL7538,41740,CA,06073,06073009705,NC,Conventional:First Lien,Single Family (1-4 Units):Site-Built,Not Hispanic or Latino,White,Female,1,9,2,1,1,1,2,2,2,1245000.0,80,6.625,0.239,2,8146.25,NA,2140,,,360,NA,NA,2,2,2,2,1555000,1,1,3,5,1,NA,310,38,1,10,2,,,,,5,,,,,2,4,5,,,,,8,,,,,2,4,2,5,2,4,35-44,9999,No,NA,1,1,1,,,,,10,,,,3847,37.07,119500,152,1006,1038,52
2024,549300MGPZBLQDIL7538,41740,CA,06073,06073009706,C,Conventional:First Lien,Single Family (1-4 Units):Site-Built,Not Hispanic or Latino,White,Female,1,3,1,1,1,1,2,2,2,485000.0,95,7.49,1.223,2,9108.48,NA,4498.28,2398.28,,360,NA,NA,2,2,2,2,515000,1,1,3,5,1,NA,128,46,1,10,2,,,,,5,,,,,2,4,5,,,,,8,,,,,2,4,2,5,2,4,55-64,9999,No,NA,1,1,1,,,,,10,,,,7520,30.4,119500,171,2151,2513,53
2024,549300MGPZBLQDIL7538,41740,CA,06073,06073009802,C,Conventional:First Lien,Single Family (1-4 Units):Site-Built,Not Hispanic or Latino,White,Male,1,3,1,1,1,1,2,2,2,445000.0,80,7.125,0.698,2,6533.57,NA,1794.27,,,360,NA,NA,2,2,2,2,565000,1,1,3,5,1,NA,107,48,2,10,2,,,,,5,,,,,2,4,5,,,,,8,,,,,2,4,1,5,2,4,35-44,9999,No,NA,1,1,2,,,,,10,,,,6586,46.83,119500,103,1648,1816,55
2024,549300MGPZBLQDIL7538,41740,CA,06073,06073009802,NC,VA:First Lien,Single Family (1-4 Units):Site-Built,Not Hispanic or Latino,Joint,Joint,1,2,2,3,1,1,2,2,2,1025000.0,90,6.75,-0.287,2,13300,NA,0,8134.18,,360,NA,NA,2,2,2,2,1125000,1,1,3,5,1,NA,230,>60%,3,2,2,,,,,2,,,,,2,2,5,27,,,,5,,,,,2,2,1,2,2,2,35-44,35-44,No,No,1,1,1,,,,,10,,,,6586,46.83,119500,103,1648,1816,55
2024,549300MGPZBLQDIL7538,41740,CA,06073,06073009804,C,Conventional:First Lien,Single Family (1-4 Units):Site-Built,Joint,White,Joint,1,1,2,1,1,1,2,2,2,745000.0,85,6.625,0.148,2,9449,NA,3809.75,1814.75,,360,NA,NA,2,2,2,2,875000,1,1,3,5,1,NA,261,30%-<36%,1,2,2,,,,,1,,,,,2,2,5,,,,,6,,,,,2,2,1,2,2,2,25-34,25-34,No,No,1,1,1,,,,,10,,,,5024,34.75,119500,135,1652,1914,54
2024,549300MGPZBLQDIL7538,41740,CA,06073,06073010003,C,Conventional:First Lien,Single Family (1-4 Units):Site-Built,Hispanic or Latino,White,Female,1,3,2,1,1,1,2,2,2,665000.0,85,7,0.455,2,10911.16,NA,5457.91,3692.91,,360,NA,NA,2,2,2,2,785000,1,1,3,5,1,NA,132,49,3,10,11,,,,,5,,,,,2,4,5,,,,,8,,,,,2,4,2,5,2,4,65-74,9999,Yes,NA,1,1,1,,,,,10,,,,5806,91.18,119500,87,1557,1645,51
2024,549300MGPZBLQDIL7538,41740,CA,06073,06073010010,C,Conventional:First Lien,Single Family (1-4 Units):Site-Built,Ethnicity Not Available,Race Not Available,Joint,1,1,2,1,1,1,2,2,2,555000.0,74.633,5.875,-0.452,2,15863.38,NA,10240.88,4650.88,,360,NA,NA,2,2,2,2,745000,1,1,3,5,1,NA,139,37,2,1,3,,,,,3,,,,,2,2,6,,,,,6,,,,,2,2,1,2,2,2,45-54,45-54,No,No,2,1,1,,,,,10,,,,5506,91.61,119500,47,1025,1356,43
2024,549300MGPZBLQDIL7538,41740,CA,06073,06073010010,C,VA:First Lien,Single Family (1-4 Units):Site-Built,Joint,Joint,Joint,1,2,2,3,1,1,2,2,2,795000.0,100,5.99,-0.324,2,29525.5,NA,0,2346.46,,360,NA,NA,2,2,2,2,775000,1,1,3,5,1,NA,141,50%-60%,3,1,1,11,,,,2,,,,,2,2,5,,,,,1,5,,,,2,2,1,2,2,2,35-44,25-34,No,No,2,1,1,,,,,10,,,,5506,91.61,119500,47,1025,1356,43
2024,549300MGPZBLQDIL7538,41740,CA,06073,06073010013,C,VA:First Lien,Single Family (1-4 Units):Site-Built,Ethnicity Not Available,Race Not Available,Joint,1,2,2,3,1,1,2,2,1,885000.0,100,6.25,NA,3,NA,NA,NA,NA,NA,360,NA,NA,2,2,2,2,885000,1,1,3,5,3,NA,224,50%-60%,3,2,3,,,,,3,,,,,2,2,6,,,,,6,,,,,2,2,1,2,2,2,45-54,55-64,No,No,1,1,2,,,,,10,,,,6009,98.34,119500,62,348,838,40
2024,549300MGPZBLQDIL7538,41740,CA,06073,06073010015,C,VA:First Lien,Single Family (1-4 Units):Site-Built,Ethnicity Not Available,Race Not Available,Female,1,2,2,3,1,1,2,2,2,555000.0,100,6.25,-0.385,2,700,NA,0,2065.01,,360,NA,NA,2,2,2,2,555000,1,1,3,5,1,NA,100,>60%,1,10,3,,,,,5,,,,,2,4,6,,,,,8,,,,,2,4,2,5,2,4,25-34,9999,No,NA,1,1,1,,,,,10,,,,4582,93.21,119500,123,667,958,16
2024,549300MGPZBLQDIL7538,41740,CA,06073,06073010015,C,VA:First Lien,Single Family (1-4 Units):Site-Built,Not Hispanic or Latino,White,Male,1,2,1,3,1,1,2,2,2,975000.0,100,6.75,0.4,2,32749.38,NA,6928.83,6928.83,,360,NA,NA,2,2,2,2,955000,1,1,3,5,1,NA,172,50%-60%,2,1,2,,,,,2,,,,,2,2,5,,,,,5,,,,,2,2,1,1,2,2,<25,<25,No,No,1,1,1,,,,,10,,,,4582,93.21,119500,123,667,958,16
2024,549300MGPZBLQDIL7538,41740,CA,06073,06073010017,C,VA:First Lien,Single Family (1-4 Units):Site-Built,Joint,Joint,Joint,1,2,2,3,1,1,2,2,2,765000.0,100,6.75,0.282,2,40412.28,NA,18718.83,1187.19,,360,NA,NA,2,2,2,2,745000,1,1,3,5,1,NA,193,>60%,1,2,1,11,,,,2,,,,,2,2,5,,,,,2,5,21,,,2,2,1,2,2,2,25-34,25-34,No,No,1,1,1,,,,,10,,,,5818,89.05,119500,117,1089,1266,16
2024,549300MGPZBLQDIL7538,41740,CA,06073,06073010018,C,Conventional:First Lien,Single Family (1-4 Units):Site-Built,Ethnicity Not Available,Joint,Joint,1,3,2,1,1,1,2,2,2,855000.0,95,6.625,0.506,2,12428.45,NA,6962.2,4822.2,,360,NA,NA,2,2,2,2,905000,1,1,3,5,1,NA,290,44,1,1,3,,,,,3,,,,,2,2,5,42,,,,5,,,,,2,2,2,1,2,2,35-44,35-44,No,No,1,1,1,,,,,10,,,,6718,90.18,119500,97,936,1221,16
2024,549300MGPZBLQDIL7538,41740,CA,06073,06073010018,C,VA:First Lien,Single Family (1-4 Units):Site-Built,Not Hispanic or Latino,Asian,Male,1,2,2,3,1,1,2,2,2,635000.0,100,5.25,-0.542,2,23454.18,NA,5321.98,3476.98,,360,NA,NA,2,2,2,2,625000,1,1,3,5,1,NA,104,50%-60%,3,10,2,,,,,5,,,,,2,4,23,,,,,8,,,,,2,4,1,5,2,4,25-34,9999,No,NA,1,1,1,,,,,10,,,,6718,90.18,119500,97,936,1221,16
2024,549300MGPZBLQDIL7538,41740,CA,06073,06073010300,C,VA:First Lien,Single Family (1-4 Units):Site-Built,Ethnicity Not Available,Race Not Available,Female,1,0,2,3,1,1,2,2,2,765000.0,100,5.99,-0.189,2,38383.41,NA,16845.16,14855.16,,360,NA,NA,2,2,2,2,755000,1,1,3,5,1,NA,114,50%-60%,1,10,3,,,,,5,,,,,2,4,6,,,,,8,,,,,2,4,2,5,2,4,25-34,9999,No,NA,1,1,1,,,,,10,,,,4485,63.97,119500,79,667,1324,58
2024,549300MGPZBLQDIL7538,41740,CA,06073,06073010300,C,VA:First Lien,Single Family (1-4 Units):Site-Built,Ethnicity Not Available,Race Not Available,Female,1,2,2,3,1,1,2,2,2,535000.0,100,5.625,-0.826,2,15520.25,NA,0,11426.97,,360,NA,NA,2,2,2,2,525000,1,1,3,5,1,NA,102,50%-60%,2,10,3,,,,,5,,,,,2,4,6,,,,,8,,,,,2,4,2,5,2,4,25-34,9999,No,NA,1,1,1,,,,,10,,,,4485,63.97,119500,79,667,1324,58
2024,549300MGPZBLQDIL7538,41740,CA,06073,06073010401,C,VA:First Lien,Single Family (1-4 Units):Site-Built,Not Hispanic or Latino,Joint,Joint,1,2,1,3,1,1,2,2,2,385000.0,100,7.25,0.93,2,8105.5,NA,0,531.44,,360,NA,NA,2,2,2,2,375000,1,1,3,5,1,NA,116,50%-60%,2,3,2,,,,,3,,,,,2,2,3,5,,,,5,,,,,2,2,1,2,2,2,35-44,35-44,No,No,1,1,1,,,,,10,,,,2452,76.88,119500,57,234,598,52
2024,549300MGPZBLQDIL7538,41740,CA,06073,06073010402,C,Conventional:First Lien,Single Family (1-4 Units):Site-Built,Joint,Race Not Available,Joint,1,9,2,1,1,1,2,2,2,365000.0,104,6.125,-0.139,2,15427.4,NA,11446,2310,2138,360,NA,NA,2,2,2,2,445000,1,1,3,5,1,NA,83,47,3,1,2,,,,,1,,,,,2,2,6,,,,,6,,,,,2,2,1,2,2,2,45-54,35-44,No,No,1,1,1,,,,,10,,,,5800,80.97,119500,56,319,1147,45
2024,549300MGPZBLQDIL7538,41740,CA,06073,06073010402,C,Conventional:Subordinate Lien,Single Family (1-4 Units):Site-Built,Joint,Race Not Available,Joint,1,9,2,1,1,2,2,2,2,85000.0,104,NA,NA,3,NA,NA,NA,NA,NA,360,NA,NA,2,2,1,2,445000,1,1,3,5,1,NA,83,44,3,1,2,,,,,1,,,,,2,2,6,,,,,6,,,,,2,2,1,2,2,2,45-54,35-44,No,No,1,1,6,,,,,10,,,,5800,80.97,119500,56,319,1147,45
2024,549300MGPZBLQDIL7538,41740,CA,06073,06073011801,C,Conventional:First Lien,Single Family (1-4 Units):Site-Built,Not Hispanic or Latino,White,Male,1,9,2,1,1,1,2,2,1,435000.0,43.5,8.25,NA,3,NA,NA,NA,NA,NA,360,NA,NA,2,2,2,2,1005000,1,3,3,5,2,NA,NA,NA,1,10,2,,,,,5,,,,,2,4,5,,,,,8,,,,,2,4,1,5,2,4,45-54,9999,No,NA,1,1,6,,,,,10,,,,3692,92.8,119500,33,302,941,63
2024,549300MGPZBLQDIL7538,41740,CA,06073,06073011802,C,VA:First Lien,Single Family (1-4 Units):Site-Built,Hispanic or Latino,Race Not Available,Male,1,2,2,3,1,1,2,2,2,285000.0,100,7.25,0.24,2,50,NA,0,,1054.5,360,NA,NA,2,2,2,2,285000,1,1,3,5,1,NA,92,43,1,10,1,11,,,,5,,,,,2,4,6,,,,,8,,,,,2,4,1,5,2,4,55-64,9999,Yes,NA,2,1,1,,,,,10,,,,6636,94.85,119500,53,655,1523,47
2024,549300MGPZBLQDIL7538,41740,CA,06073,06073012600,C,Conventional:First Lien,Single Family (1-4 Units):Site-Built,Hispanic or Latino,Joint,Joint,1,3,1,1,1,1,2,2,2,665000.0,84.973,7.49,0.722,2,7391.28,NA,2100,,,360,NA,NA,2,2,2,2,785000,1,1,3,5,1,NA,185,49,1,1,1,11,,,,1,11,,,,2,2,1,5,,,,1,5,,,,2,2,1,2,2,2,45-54,45-54,No,No,1,1,1,,,,,10,,,,5143,88.45,119500,61,685,1406,62
2024,549300MGPZBLQDIL7538,41740,CA,06073,06073012700,C,Conventional:First Lien,Single Family (1-4 Units):Site-Built,Ethnicity Not Available,Race Not Available,Male,1,0,2,1,1,1,2,2,2,845000.0,95,6.99,1.132,2,16589.75,NA,9921.5,8426.5,,360,NA,NA,2,2,2,2,885000,1,1,3,5,2,NA,214,43,1,10,3,,,,,5,,,,,2,4,6,,,,,8,,,,,2,4,1,5,2,4,25-34,9999,No,NA,1,1,1,,,,,10,,,,4945,88.37,119500,62,257,965,57
2024,549300MGPZBLQDIL7538,41740,CA,06073,06073013301,C,Conventional:First Lien,Single Family (1-4 Units):Site-Built,Hispanic or Latino,Race Not Available,Female,1,1,2,1,1,1,2,2,2,515000.0,67.192,6.625,-0.287,2,6809,NA,1195,,583.68,360,NA,NA,2,2,2,2,765000,1,1,3,5,1,NA,212,20%-<30%,3,10,1,11,,,,5,,,,,2,4,6,,,,,8,,,,,2,4,2,5,2,4,55-64,9999,No,NA,2,1,1,,,,,10,,,,5271,80.4,119500,99,1160,1515,61
2024,549300MGPZBLQDIL7538,41740,CA,06073,06073013308,C,VA:First Lien,Single Family (1-4 Units):Site-Built,Joint,White,Male,1,2,2,3,1,1,2,2,2,625000.0,100,6.75,0.031,2,16835.34,NA,0,5287.79,,360,NA,NA,2,2,2,2,605000,1,1,3,5,1,NA,155,50%-60%,3,1,1,,,,,2,,,,,2,2,5,,,,,5,,,,,2,2,1,1,2,2,<25,<25,No,No,1,1,1,,,,,10,,,,3962,92.63,119500,70,526,1009,45
2024,549300MGPZBLQDIL7538,41740,CA,06073,06073013312,C,Conventional:First Lien,Single Family (1-4 Units):Site-Built,Hispanic or Latino,White,Female,1,3,2,1,1,1,2,2,2,555000.0,95,5.625,-0.023,2,12667.6,NA,7569.2,5724.2,,360,NA,NA,2,2,2,2,585000,1,1,3,5,1,NA,133,45,2,3,1,11,,,,1,11,,,,2,2,5,,,,,5,,,,,2,2,2,2,2,2,25-34,35-44,No,No,1,1,2,,,,,10,,,,2798,87.49,119500,89,646,855,49
2024,549300MGPZBLQDIL7538,41740,CA,06073,06073013316,C,Conventional:First Lien,Single Family (1-4 Units):Site-Built,Not Hispanic or Latino,2 or more minority races,Joint,1,1,2,1,1,1,2,2,2,625000.0,95,6.99,0.709,2,12512.15,NA,6798.3,4953.3,,360,NA,NA,2,2,2,2,665000,1,1,3,5,1,NA,189,43,3,1,2,,,,,2,,,,,2,2,3,5,24,,,3,,,,,2,2,2,1,2,2,25-34,25-34,No,No,1,1,1,,,,,10,,,,7461,81.64,119500,121,1674,1808,20
2024,549300MGPZBLQDIL7538,41740,CA,06073,06073013316,C,VA:First Lien,Single Family (1-4 Units):Site-Built,Joint,White,Joint,1,9,2,3,1,1,2,2,2,845000.0,100,6.625,-0.255,2,3238.53,NA,0,,,360,NA,NA,2,2,2,2,845000,1,1,3,5,1,NA,193,44,3,1,2,,,,,1,11,,,,2,2,5,,,,,5,,,,,2,2,1,2,2,2,25-34,25-34,No,No,1,1,1,,,,,10,,,,7461,81.64,119500,121,1674,1808,20
2024,549300MGPZBLQDIL7538,41740,CA,06073,06073013317,C,Conventional:First Lien,Single Family (1-4 Units):Site-Built,Not Hispanic or Latino,Joint,Joint,1,3,1,1,1,1,2,2,2,1005000.0,72.17,6.99,0.17,2,22348.4,NA,14855,13010,10004.95,360,NA,NA,2,2,2,2,1385000,1,1,3,5,1,NA,223,48,3,1,2,,,,,2,,,,,2,2,5,,,,,2,5,23,,,2,2,1,2,2,2,45-54,45-54,No,No,1,1,1,,,,,10,,,,16159,87.8,119500,136,2863,3244,8
2024,549300MGPZBLQDIL7538,41740,CA,06073,06073013317,C,Conventional:First Lien,Single Family (1-4 Units):Site-Built,Not Hispanic or Latino,White,Female,1,3,2,1,1,1,2,2,2,485000.0,80,7.5,1.287,2,7790.37,NA,4186.85,2296.85,,360,NA,NA,2,2,2,2,605000,1,1,3,5,1,NA,147,48,1,10,2,,,,,5,,,,,2,4,5,,,,,8,,,,,2,4,2,5,2,4,35-44,9999,No,NA,1,1,1,,,,,10,,,,16159,87.8,119500,136,2863,3244,8
2024,549300MGPZBLQDIL7538,41740,CA,06073,06073013317,C,VA:First Lien,Single Family (1-4 Units):Site-Built,Not Hispanic or Latino,Asian,Joint,1,2,2,3,1,1,2,2,2,745000.0,100,6.75,0.059,2,24955.36,NA,3444.11,1454.11,,360,NA,NA,2,2,2,2,735000,1,1,3,5,1,NA,150,>60%,3,3,2,,,,,2,,,,,2,2,2,,,,,2,,,,,2,2,1,2,2,2,35-44,35-44,No,No,1,1,1,,,,,10,,,,16159,87.8,119500,136,2863,3244,8
2024,549300MGPZBLQDIL7538,41740,CA,06073,06073013317,NC,VA:First Lien,Single Family (1-4 Units):Site-Built,Not Hispanic or Latino,Joint,Joint,1,2,2,3,1,1,2,2,2,1025000.0,100,6.25,-0.4,2,9411.65,NA,3727.4,1737.4,,360,NA,NA,2,2,2,2,1025000,1,1,3,5,1,NA,309,50%-60%,1,3,2,,,,,2,,,,,2,2,3,,,,,5,,,,,2,2,1,2,2,2,45-54,35-44,No,No,1,1,1,,,,,10,,,,16159,87.8,119500,136,2863,3244,8
2024,549300MGPZBLQDIL7538,41740,CA,06073,06073013318,C,Conventional:First Lien,Single Family (1-4 Units):Site-Built,Not Hispanic or Latino,White,Male,1,9,2,1,1,1,2,2,1,335000.0,32.039,7.75,NA,3,NA,NA,NA,NA,NA,360,NA,NA,2,2,2,2,1035000,1,3,3,5,1,NA,NA,NA,2,2,2,,,,,2,,,,,2,2,5,,,,,5,,,,,2,2,1,1,2,2,65-74,55-64,Yes,Yes,1,1,6,,,,,10,,,,7876,86.49,119500,130,1489,1978,15
2024,549300MGPZBLQDIL7538,41740,CA,06073,06073013321,C,Conventional:First Lien,Single Family (1-4 Units):Site-Built,Hispanic or Latino,White,Female,1,3,2,1,1,1,2,2,2,245000.0,34.507,6.625,-0.077,2,6078.75,NA,1495,,,360,NA,NA,2,2,2,2,715000,1,1,3,5,1,NA,72,49,3,10,1,11,,,,5,,,,,2,4,5,,,,,8,,,,,2,4,2,5,2,4,25-34,9999,No,NA,1,1,1,,,,,10,,,,8312,87.05,119500,131,1686,2009,14
2024,549300MGPZBLQDIL7538,41740,CA,06073,06073013416,C,Conventional:First Lien,Single Family (1-4 Units):Site-Built,Not Hispanic or Latino,Race Not Available,Female,1,3,1,1,1,1,2,2,2,765000.0,89.655,6.625,-0.065,2,11307.15,NA,6393.25,4898.25,,360,NA,NA,2,2,2,2,855000,1,1,3,5,1,NA,194,49,2,10,2,,,,,5,,,,,2,4,6,,,,,8,,,,,2,4,2,5,2,4,45-54,9999,No,NA,1,1,2,,,,,10,,,,3930,67.79,119500,108,909,1278,43
2024,549300MGPZBLQDIL7538,41740,CA,06073,06073013424,C,Conventional:First Lien,Single Family (1-4 Units):Site-Built,Ethnicity Not Available,Race Not Available,Joint,1,0,2,1,1,1,2,2,2,485000.0,80,7.125,0.623,2,10219.7,NA,3952.2,2757.2,,360,NA,NA,2,2,2,2,615000,1,1,3,5,1,NA,141,38,2,2,3,,,,,3,,,,,2,2,6,,,,,6,,,,,2,2,2,1,2,2,<25,<25,No,No,2,1,2,,,,,10,,,,5698,78.98,119500,130,1134,1737,17
2024,549300MGPZBLQDIL7538,41740,CA,06073,06073013504,C,VA:First Lien,Single Family (1-4 Units):Site-Built,Hispanic or Latino,White,Male,1,2,2,3,1,1,2,2,2,575000.0,100,6.625,-0.245,2,4731.95,NA,0,,,360,NA,NA,2,2,2,2,575000,1,1,3,5,1,NA,129,45,2,10,1,11,,,,5,,,,,2,4,5,,,,,8,,,,,2,4,1,5,2,4,25-34,9999,No,NA,1,1,1,,,,,10,,,,3847,57.66,119500,122,919,1102,38
2024,549300MGPZBLQDIL7538,41740,CA,06073,06073013505,C,VA:First Lien,Single Family (1-4 Units):Site-Built,Not Hispanic or Latino,Asian,Male,1,2,2,3,1,1,2,2,2,485000.0,100,6,-0.395,2,14216.5,NA,0,7187.01,,360,NA,NA,2,2,2,2,475000,1,1,3,5,1,NA,106,50%-60%,1,10,2,,,,,5,,,,,2,4,2,23,,,,8,,,,,2,4,1,5,2,4,25-34,9999,No,NA,2,2,1,,,,,10,,,,5060,56.98,119500,89,1147,1286,42
2024,549300MGPZBLQDIL7538,41740,CA,06073,06073013601,C,Conventional:First Lien,Single Family (1-4 Units):Site-Built,Ethnicity Not Available,Race Not Available,Sex Not Available,1,3,1,1,1,1,2,2,2,875000.0,90,7.625,0.456,2,12630.37,NA,6944.47,2178.23,695,360,NA,NA,2,2,2,2,965000,1,1,3,5,1,NA,236,45,3,2,3,,,,,3,,,,,2,2,6,,,,,6,,,,,2,2,3,3,2,2,35-44,25-34,No,No,1,1,2,,,,,10,,,,5253,46.54,119500,95,1328,1627,52
2024,549300MGPZBLQDIL7538,41740,CA,06073,06073013601,C,Conventional:First Lien,Single Family (1-4 Units):Site-Built,Joint,Joint,Joint,1,3,2,1,1,1,2,2,2,655000.0,78.457,6.99,0.525,2,14685.93,NA,8536.88,7341.88,14,360,NA,NA,2,2,2,2,835000,1,1,3,5,1,NA,147,46,2,2,1,11,,,,2,,,,,2,2,5,,,,,4,41,,,,2,2,1,2,2,2,35-44,35-44,No,No,2,1,1,,,,,10,,,,5253,46.54,119500,95,1328,1627,52
2024,549300MGPZBLQDIL7538,41740,CA,06073,06073013601,C,Conventional:First Lien,Single Family (1-4 Units):Site-Built,Not Hispanic or Latino,White,Male,1,1,2,1,1,1,2,2,2,725000.0,80,6.99,-0.091,2,8614.9,NA,4195,2700,,360,NA,NA,2,2,2,2,905000,1,1,3,5,1,NA,227,45,1,10,2,,,,,5,,,,,2,4,5,,,,,8,,,,,2,4,1,5,2,4,35-44,9999,No,NA,1,1,2,,,,,10,,,,5253,46.54,119500,95,1328,1627,52
2024,549300MGPZBLQDIL7538,41740,CA,06073,06073013605,C,Conventional:First Lien,Single Family (1-4 Units):Site-Built,Ethnicity Not Available,Race Not Available,Joint,1,9,2,1,1,1,2,2,2,425000.0,80,6.5,-0.147,2,12278.3,NA,8324,,,360,NA,NA,2,2,2,2,535000,1,1,3,5,1,NA,159,30%-<36%,3,3,3,,,,,3,,,,,2,2,6,,,,,6,,,,,2,2,1,2,2,2,25-34,25-34,No,No,1,1,1,,,,,10,,,,5804,27.89,119500,153,1985,2095,39
2024,549300MGPZBLQDIL7538,41740,CA,06073,06073013605,C,Conventional:First Lien,Single Family (1-4 Units):Site-Built,Joint,Black or African American,Joint,1,9,2,1,1,1,2,2,2,965000.0,80,7,0.72,2,8895.75,NA,1495,,,360,NA,NA,2,2,2,2,1205000,1,1,3,5,1,NA,713,30%-<36%,3,2,2,,,,,1,11,,,,2,2,3,,,,,6,,,,,2,2,1,2,2,2,35-44,35-44,No,No,1,1,1,,,,,10,,,,5804,27.89,119500,153,1985,2095,39
2024,549300MGPZBLQDIL7538,41740,CA,06073,06073013607,C,Conventional:First Lien,Single Family (1-4 Units):Site-Built,Not Hispanic or Latino,White,Female,1,3,2,1,1,1,2,2,2,505000.0,90,6.625,0.193,2,12524.5,NA,7408.8,5563.8,,360,NA,NA,2,2,2,2,565000,1,1,3,5,1,NA,223,39,2,3,2,,,,,2,,,,,2,2,5,,,,,5,,,,,2,2,2,2,2,2,35-44,>74,No,Yes,1,1,1,,,,,10,,,,2665,45.44,119500,68,539,334,36
2024,549300MGPZBLQDIL7538,41740,CA,06073,06073013607,C,VA:First Lien,Single Family (1-4 Units):Site-Built,Hispanic or Latino,Race Not Available,Female,1,2,1,3,1,1,2,2,2,555000.0,100,5.99,-0.453,2,13080.73,NA,0,7871.98,,360,NA,NA,2,2,2,2,545000,1,1,3,5,1,NA,98,50%-60%,2,10,11,,,,,5,,,,,2,4,6,,,,,8,,,,,2,4,2,5,2,4,35-44,9999,No,NA,1,1,1,,,,,10,,,,2665,45.44,119500,68,539,334,36
2024,549300MGPZBLQDIL7538,41740,CA,06073,06073013801,C,VA:First Lien,Single Family (1-4 Units):Site-Built,Hispanic or Latino,Race Not Available,Joint,1,2,2,3,1,1,2,2,2,765000.0,100,5.75,-0.647,2,4092.2,NA,0,,,360,NA,NA,2,2,2,2,765000,1,1,3,5,1,NA,124,50%-60%,1,2,1,12,,,,1,14,,,,2,2,6,,,,,6,,,,,2,2,1,2,2,2,25-34,25-34,No,No,1,1,1,,,,,10,,,,5178,58.25,119500,88,984,1436,58
2024,549300MGPZBLQDIL7538,41740,CA,06073,06073013801,C,VA:First Lien,Single Family (1-4 Units):Site-Built,Not Hispanic or Latino,Asian,Male,1,2,1,3,1,1,2,2,2,725000.0,100,6.75,-0.257,2,700,NA,0,3427.2,1000,360,NA,NA,2,2,2,2,725000,1,1,3,5,1,NA,151,50%-60%,3,2,2,,,,,2,,,,,2,2,2,22,27,,,2,22,27,,,2,2,1,1,2,2,<25,<25,No,No,1,1,6,,,,,10,,,,5178,58.25,119500,88,984,1436,58
2024,549300MGPZBLQDIL7538,41740,CA,06073,06073013905,C,Conventional:First Lien,Single Family (1-4 Units):Site-Built,Ethnicity Not Available,White,Male,1,9,2,1,1,1,2,2,1,355000.0,49.103,7.49,NA,3,NA,NA,NA,NA,NA,360,NA,NA,2,2,2,2,725000,1,3,3,5,1,NA,67,20%-<30%,2,10,3,,,,,5,,,,,2,4,5,,,,,8,,,,,2,4,1,5,2,4,35-44,9999,No,NA,1,1,2,,,,,10,,,,4084,66.63,119500,112,1131,1249,37
2024,549300MGPZBLQDIL7538,41740,CA,06073,06073013909,C,FHA:First Lien,Single Family (1-4 Units):Site-Built,Ethnicity Not Available,Race Not Available,Female,1,2,1,2,1,1,2,2,2,695000.0,96.5,6.625,0.563,2,22890.14,NA,5895.99,3201.89,18.25,360,NA,NA,2,2,2,2,715000,1,1,3,5,1,NA,152,50%-60%,2,10,3,,,,,5,,,,,2,4,6,,,,,8,,,,,2,4,2,5,2,4,35-44,9999,No,NA,1,1,1,,,,,10,,,,4521,81.33,119500,79,1291,1420,42
2024,549300MGPZBLQDIL7538,41740,CA,06073,06073014001,C,VA:First Lien,Single Family (1-4 Units):Site-Built,Joint,Asian,Joint,1,2,1,3,1,1,2,2,2,795000.0,100,6.75,0.257,2,32491.25,NA,1995,,,360,NA,NA,2,2,2,2,765000,1,1,3,5,1,NA,220,43,3,2,1,,,,,2,,,,,2,2,23,,,,,23,,,,,2,2,1,2,2,2,25-34,25-34,No,No,1,1,1,,,,,10,,,,4941,69.08,119500,76,764,1427,59
2024,549300MGPZBLQDIL7538,41740,CA,06073,06073014500,C,Conventional:First Lien,Single Family (1-4 Units):Site-Built,Ethnicity Not Available,Race Not Available,Male,1,3,2,1,1,1,2,2,2,695000.0,90,6.125,-0.05,2,7092.61,NA,1165.86,,,360,NA,NA,2,2,2,2,775000,1,1,3,5,1,NA,211,46,1,3,3,,,,,1,11,,,,2,2,6,,,,,5,,,,,2,2,1,1,2,2,35-44,55-64,No,No,1,1,2,,,,,10,,,,4076,63.03,119500,81,657,1055,63
2024,549300MGPZBLQDIL7538,41740,CA,06073,06073014500,C,Conventional:First Lien,Single Family (1-4 Units):Site-Built,Ethnicity Not Available,Race Not Available,Sex Not Available,1,3,2,1,1,1,2,2,2,625000.0,85,6.125,0.191,2,7168.25,NA,1495,,,360,NA,NA,2,2,2,2,745000,1,1,3,5,1,NA,171,43,3,3,3,,,,,3,,,,,2,2,6,,,,,6,,,,,2,2,3,3,2,2,25-34,25-34,No,No,1,1,2,,,,,10,,,,4076,63.03,119500,81,657,1055,63
2024,549300MGPZBLQDIL7538,41740,CA,06073,06073014602,C,Conventional:First Lien,Single Family (1-4 Units):Site-Built,Ethnicity Not Available,Race Not Available,Sex Not Available,1,3,1,1,1,1,2,2,2,705000.0,90,6.375,0.091,2,10913.07,NA,6344.82,4499.82,,360,NA,NA,2,2,2,2,785000,1,1,3,5,1,NA,150,46,3,2,3,,,,,3,,,,,2,2,6,,,,,6,,,,,2,2,3,3,2,2,25-34,25-34,No,No,1,1,1,,,,,10,,,,4902,47.16,119500,108,1092,1579,50
2024,549300MGPZBLQDIL7538,41740,CA,06073,06073014701,C,Conventional:First Lien,Single Family (1-4 Units):Site-Built,Not Hispanic or Latino,Asian,Male,1,3,1,1,1,1,2,2,2,665000.0,80,5.99,-0.223,2,10007.25,NA,4835,3340,,360,NA,NA,2,2,2,2,835000,1,1,3,5,1,NA,130,45,1,10,2,,,,,5,,,,,2,4,2,5,24,,,8,,,,,2,4,1,5,2,4,25-34,9999,No,NA,1,1,2,,,,,10,,,,4045,46.8,119500,107,740,1120,67
2024,549300MGPZBLQDIL7538,41740,CA,06073,06073014702,C,Conventional:First Lien,Single Family (1-4 Units):Site-Built,Not Hispanic or Latino,Joint,Joint,1,3,2,1,1,1,2,2,1,725000.0,48.333,6.875,NA,3,NA,NA,NA,NA,NA,360,NA,NA,2,2,2,2,1505000,1,3,3,5,1,NA,719,47,2,1,2,,,,,2,,,,,2,2,2,27,,,,5,,,,,2,2,1,2,2,2,55-64,55-64,No,No,1,1,2,,,,,10,,,,4239,48.12,119500,98,972,1525,63
2024,549300MGPZBLQDIL7538,41740,CA,06073,06073014901,C,Conventional:First Lien,Single Family (1-4 Units):Site-Built,Joint,Joint,Joint,1,1,2,1,1,1,2,2,2,765000.0,61.28,6.625,-0.167,2,25603.39,NA,19035.64,,,360,NA,NA,2,2,2,2,1255000,1,1,3,5,1,NA,249,45,2,2,2,,,,,1,,,,,2,2,5,,,,,4,,,,,2,2,1,2,2,2,35-44,35-44,No,No,1,1,1,,,,,10,,,,4742,44.58,119500,98,721,1179,50
2024,549300MGPZBLQDIL7538,41740,CA,06073,06073014902,C,Conventional:First Lien,Single Family (1-4 Units):Site-Built,Not Hispanic or Latino,Joint,Joint,1,3,2,1,1,1,2,2,2,365000.0,80,6.49,0.124,2,6846.25,NA,3645,1800,,360,NA,NA,2,2,2,2,455000,1,1,3,5,1,NA,79,49,3,3,2,,,,,2,,,,,2,2,5,,,,,2,24,,,,2,2,1,2,2,2,25-34,25-34,No,No,1,1,1,,,,,10,,,,3340,40.45,119500,85,401,827,60
2024,549300MGPZBLQDIL7538,41740,CA,06073,06073015001,C,Conventional:First Lien,Single Family (1-4 Units):Site-Built,Not Hispanic or Latino,Asian,Male,1,9,2,1,1,1,2,2,1,1085000.0,75,7.625,NA,3,NA,NA,NA,NA,NA,360,NA,NA,2,2,2,2,1455000,1,3,3,5,4,NA,193,49,3,10,2,,,,,5,,,,,2,4,2,22,,,,8,,,,,2,4,1,5,2,4,65-74,9999,Yes,NA,1,1,1,,,,,10,,,,4294,43.99,119500,77,696,1122,60
2024,549300MGPZBLQDIL7538,41740,CA,06073,06073015200,C,Conventional:First Lien,Single Family (1-4 Units):Site-Built,Joint,White,Joint,1,3,2,1,1,1,2,2,2,605000.0,54.545,7.49,0.744,2,8289.4,NA,2772,672,,360,NA,NA,2,2,2,2,1105000,1,1,3,5,1,NA,205,45,3,3,2,14,,,,1,,,,,2,2,5,,,,,5,,,,,2,2,1,2,2,2,>74,>74,Yes,Yes,1,1,1,,,,,10,,,,3958,29.28,119500,151,1258,1449,62
2024,549300MGPZBLQDIL7538,41740,CA,06073,06073015403,NC,Conventional:First Lien,Single Family (1-4 Units):Site-Built,Not Hispanic or Latino,Joint,Joint,1,71,1,1,1,1,2,2,2,1075000.0,77.061,7.375,0.652,2,16389.4,NA,10057.5,8062.5,595,360,NA,NA,2,2,2,2,1395000,1,1,3,5,1,NA,257,49,3,2,2,,,,,2,,,,,2,2,2,5,23,,,5,,,,,2,2,6,3,2,2,35-44,35-44,No,No,1,1,1,,,,,10,,,,2545,22.48,119500,148,731,811,51
2024,549300MGPZBLQDIL7538,41740,CA,06073,06073015407,C,Conventional:First Lien,Single Family (1-4 Units):Site-Built,Not Hispanic or Latino,Asian,Male,1,9,1,1,1,1,2,2,2,475000.0,100.395,6.875,1.978,2,16366.95,NA,10904,,2352.25,360,NA,NA,2,2,2,2,485000,1,1,3,5,1,NA,119,49,2,10,2,,,,,5,,,,,2,4,2,23,,,,8,,,,,2,4,1,5,2,4,45-54,9999,No,NA,1,1,2,,,,,10,,,,4323,34.88,119500,52,273,706,46
2024,549300MGPZBLQDIL7538,41740,CA,06073,06073015407,C,Conventional:Subordinate Lien,Single Family (1-4 Units):Site-Built,Not Hispanic or Latino,Asian,Male,1,9,2,1,1,2,2,2,2,15000.0,100.395,6.875,NA,3,NA,NA,NA,NA,NA,180,NA,NA,2,2,2,2,485000,1,1,3,5,1,NA,119,48,2,10,2,,,,,5,,,,,2,4,2,23,,,,8,,,,,2,4,1,5,2,4,45-54,9999,No,NA,1,2,6,,,,,10,,,,4323,34.88,119500,52,273,706,46
2024,549300MGPZBLQDIL7538,41740,CA,06073,06073015501,C,VA:First Lien,Single Family (1-4 Units):Site-Built,Hispanic or Latino,Race Not Available,Joint,1,2,2,3,1,1,2,2,2,555000.0,76.389,6.75,-0.167,2,18226.19,NA,13456.94,786.5,,360,NA,NA,2,2,2,2,725000,1,1,3,5,1,NA,107,50%-60%,1,1,1,11,,,,3,,,,,2,2,6,,,,,6,,,,,2,2,1,2,2,2,25-34,25-34,No,No,1,1,1,,,,,10,,,,5346,32.29,119500,101,1634,1879,42
2024,549300MGPZBLQDIL7538,41740,CA,06073,06073016000,C,Conventional:First Lien,Single Family (1-4 Units):Site-Built,Not Hispanic or Latino,Joint,Joint,1,1,1,1,1,1,2,2,2,475000.0,55.882,5.99,-0.518,2,16760.9,NA,12532.5,10687.5,,360,NA,NA,2,2,2,2,855000,1,1,3,5,1,NA,169,20%-<30%,2,1,2,,,,,2,,,,,2,2,5,,,,,2,22,,,,2,2,1,2,2,2,35-44,25-34,No,No,1,1,1,,,,,10,,,,2628,47.79,119500,106,522,754,60
2024,549300MGPZBLQDIL7538,41740,CA,06073,06073016100,C,Conventional:First Lien,Single Family (1-4 Units):Site-Built,Joint,White,Joint,1,0,1,1,1,1,2,2,2,745000.0,66.741,6.875,0.203,2,7573.43,NA,1495,,,360,NA,NA,2,2,2,2,1125000,1,1,3,5,1,NA,456,<20%,2,3,2,,,,,1,11,,,,2,2,5,,,,,6,,,,,2,2,1,2,2,2,45-54,45-54,No,No,1,1,2,,,,,10,,,,5991,40.96,119500,104,1500,1943,61
2024,549300MGPZBLQDIL7538,41740,CA,06073,06073016301,C,Conventional:First Lien,Single Family (1-4 Units):Site-Built,Hispanic or Latino,White,Female,1,9,1,1,1,1,2,2,2,465000.0,100.395,7.875,1.544,2,15373.65,NA,11137.6,,4646.3,360,NA,NA,2,2,2,2,475000,1,1,3,5,1,NA,133,49,2,1,1,11,,,,1,11,,,,2,2,5,,,,,5,,,,,2,2,2,2,2,2,<25,55-64,No,No,1,1,2,,,,,10,,,,5533,55.09,119500,49,505,712,44
2024,549300MGPZBLQDIL7538,41740,CA,06073,06073016301,C,Conventional:Subordinate Lien,Single Family (1-4 Units):Site-Built,Hispanic or Latino,White,Female,1,0,1,1,1,2,2,2,2,15000.0,100.395,7.875,NA,3,NA,NA,NA,NA,NA,180,NA,NA,2,2,2,2,475000,1,1,3,5,1,NA,133,48,2,1,1,11,,,,1,11,,,,2,2,5,,,,,5,,,,,2,2,2,2,2,2,<25,55-64,No,No,1,2,6,,,,,10,,,,5533,55.09,119500,49,505,712,44
2024,549300MGPZBLQDIL7538,41740,CA,06073,06073016502,C,FHA:First Lien,Single Family (1-4 Units):Site-Built,Hispanic or Latino,White,Joint,1,2,2,2,1,1,2,2,2,685000.0,96.5,5.625,-0.086,2,30399.86,NA,12195,,5525.03,360,NA,NA,2,2,2,2,695000,1,1,3,5,1,NA,139,46,2,2,1,11,,,,1,11,,,,2,2,5,,,,,5,,,,,2,2,1,2,2,2,35-44,25-34,No,No,2,1,1,,,,,10,,,,7271,47.06,119500,64,666,1622,47
2024,549300MGPZBLQDIL7538,41740,CA,06073,06073016608,C,Conventional:First Lien,Single Family (1-4 Units):Site-Built,Not Hispanic or Latino,White,Female,1,3,2,1,1,1,2,2,1,425000.0,52.684,6.625,NA,3,NA,NA,NA,NA,NA,360,NA,NA,2,2,2,2,805000,1,3,3,5,1,NA,600,20%-<30%,1,10,2,,,,,5,,,,,2,4,5,,,,,8,,,,,2,4,2,5,2,4,35-44,9999,No,NA,1,1,2,,,,,10,,,,2475,27.19,119500,124,642,793,44
2024,549300MGPZBLQDIL7538,41740,CA,06073,06073016608,C,FHA:First Lien,Single Family (1-4 Units):Site-Built,Not Hispanic or Latino,White,Joint,1,0,2,2,1,1,2,2,2,755000.0,96.5,5.625,0.604,2,29234.22,NA,9852.19,5753.76,,360,NA,NA,2,2,2,2,765000,1,1,3,5,1,NA,185,42,3,1,2,,,,,2,,,,,2,2,5,,,,,5,,,,,2,2,1,2,2,2,25-34,25-34,No,No,1,1,1,,,,,10,,,,2475,27.19,119500,124,642,793,44
2024,549300MGPZBLQDIL7538,41740,CA,06073,06073016610,C,Conventional:First Lien,Single Family (1-4 Units):Site-Built,Not Hispanic or Latino,White,Female,1,9,1,1,1,1,2,2,2,295000.0,60,6.75,0.308,2,10437.72,NA,6218.87,,,360,NA,NA,2,2,2,2,515000,1,1,3,5,1,NA,84,39,3,10,2,,,,,5,,,,,2,4,5,,,,,8,,,,,2,4,2,5,2,4,65-74,9999,Yes,NA,1,1,1,,,,,10,,,,4334,36.11,119500,81,1074,1324,44
2024,549300MGPZBLQDIL7538,41740,CA,06073,06073016610,C,Conventional:Subordinate Lien,Single Family (1-4 Units):Site-Built,Not Hispanic or Latino,White,Female,1,9,2,1,1,2,2,2,2,15000.0,60,1,NA,3,NA,NA,NA,NA,NA,360,NA,NA,2,2,1,2,515000,1,1,3,5,1,NA,84,40,3,10,2,,,,,5,,,,,2,4,5,,,,,8,,,,,2,4,2,5,2,4,65-74,9999,Yes,NA,1,1,6,,,,,10,,,,4334,36.11,119500,81,1074,1324,44
2024,549300MGPZBLQDIL7538,41740,CA,06073,06073016614,C,FHA:First Lien,Single Family (1-4 Units):Site-Built,Ethnicity Not Available,White,Male,1,2,2,2,1,1,2,2,2,725000.0,90,5.75,0.384,2,28375.72,NA,12097.97,9997.97,,360,NA,NA,2,2,2,2,795000,1,1,3,5,1,NA,169,50%-60%,3,10,3,,,,,5,,,,,2,4,5,,,,,8,,,,,2,4,1,5,2,4,25-34,9999,No,NA,1,1,1,,,,,10,,,,4115,35.09,119500,107,944,1167,47
2024,549300MGPZBLQDIL7538,41740,CA,06073,06073016615,C,Conventional:First Lien,Single Family (1-4 Units):Site-Built,Not Hispanic or Latino,White,Female,1,3,2,1,1,1,2,2,2,495000.0,90,6.875,0.503,2,8307.68,NA,3875.61,1775.61,,360,NA,NA,2,2,2,2,545000,1,1,3,5,1,NA,180,20%-<30%,3,10,2,,,,,5,,,,,2,4,5,,,,,8,,,,,2,4,2,5,2,4,35-44,9999,No,NA,1,1,1,,,,,10,,,,4278,46.77,119500,122,587,675,30
2024,549300MGPZBLQDIL7538,41740,CA,06073,06073016619,C,Conventional:First Lien,Single Family (1-4 Units):Site-Built,Joint,White,Joint,1,1,1,1,1,1,2,2,2,425000.0,52.5,6.625,-0.138,2,17127.09,NA,12951.84,2839.2,,360,NA,NA,2,2,2,2,805000,1,1,3,5,1,NA,221,30%-<36%,1,3,1,,,,,2,,,,,2,2,5,,,,,5,,,,,2,2,2,1,2,2,45-54,65-74,No,Yes,1,1,1,,,,,10,,,,4576,40.14,119500,72,1187,1381,46
2024,549300MGPZBLQDIL7538,41740,CA,06073,06073016704,C,VA:First Lien,Single Family (1-4 Units):Site-Built,Not Hispanic or Latino,White,Joint,1,2,2,3,1,1,2,2,2,565000.0,100,7.25,0.613,2,16513.75,NA,0,,,360,NA,NA,2,2,2,2,555000,1,1,3,5,1,NA,159,50%-60%,3,2,2,,,,,2,,,,,2,2,5,,,,,5,,,,,2,2,1,2,2,2,35-44,25-34,No,No,1,1,1,,,,,10,,,,7174,37.19,119500,129,1534,1692,37
2024,549300MGPZBLQDIL7538,41740,CA,06073,06073016705,C,Conventional:First Lien,Single Family (1-4 Units):Site-Built,Not Hispanic or Latino,White,Female,1,3,2,1,1,1,2,2,2,365000.0,60.333,5.49,-0.72,2,18734.3,NA,14100.3,7475.3,,360,NA,NA,2,2,2,2,605000,1,1,3,5,1,NA,75,49,1,10,2,,,,,5,,,,,2,4,5,,,,,8,,,,,2,4,2,5,2,4,55-64,9999,Yes,NA,2,1,2,,,,,10,,,,4629,42.45,119500,67,421,971,43
2024,549300MGPZBLQDIL7538,41740,CA,06073,06073016706,C,VA:First Lien,Single Family (1-4 Units):Site-Built,Ethnicity Not Available,Race Not Available,Sex Not Available,1,2,2,3,1,1,2,2,2,715000.0,100,6.625,0.124,2,29864.25,NA,1845,,,360,NA,NA,2,2,2,2,695000,1,1,3,5,1,NA,164,>60%,3,1,3,,,,,3,,,,,2,2,6,,,,,6,,,,,2,2,3,3,2,2,35-44,35-44,No,No,1,1,1,,,,,10,,,,2966,32.03,119500,100,608,807,50
2024,549300MGPZBLQDIL7538,41740,CA,06073,06073016804,C,Conventional:First Lien,Single Family (1-4 Units):Site-Built,Joint,Joint,Joint,1,3,2,1,1,1,2,2,2,765000.0,95,5.99,-0.093,2,6850.25,NA,1845,,2391.02,360,NA,NA,2,2,2,2,805000,1,1,3,5,1,NA,195,42,2,2,1,14,,,,2,,,,,2,2,5,,,,,2,5,24,,,2,2,1,2,2,2,35-44,35-44,No,No,1,1,2,,,,,10,,,,7727,45.99,119500,78,1218,1433,41
2024,549300MGPZBLQDIL7538,41740,CA,06073,06073016804,C,FHA:First Lien,Single Family (1-4 Units):Site-Built,Hispanic or Latino,American Indian or Alaska Native,Joint,1,2,1,2,1,1,2,2,2,495000.0,96.5,7.25,1.158,2,15431.93,NA,2713.68,613.68,,360,NA,NA,2,2,2,2,505000,1,1,3,5,1,NA,140,50%-60%,2,3,1,11,,,,1,,,,,2,2,1,,,,,6,,,,,2,2,1,2,2,2,35-44,45-54,No,No,1,1,1,,,,,10,,,,7727,45.99,119500,78,1218,1433,41
2024,549300MGPZBLQDIL7538,41740,CA,06073,06073016811,C,Conventional:First Lien,Single Family (1-4 Units):Site-Built,Not Hispanic or Latino,Joint,Joint,1,3,2,1,1,1,2,2,2,765000.0,85,7.49,0.678,2,8607.11,NA,3532.36,1582.36,,360,NA,NA,2,2,2,2,895000,1,1,3,5,1,NA,222,43,3,2,2,,,,,2,,,,,2,2,2,5,22,26,,5,,,,,2,2,1,2,2,2,25-34,25-34,No,No,1,1,2,,,,,10,,,,4677,32.41,119500,116,1222,1678,43
2024,549300MGPZBLQDIL7538,41740,CA,06073,06073017014,C,Conventional:First Lien,Single Family (1-4 Units):Site-Built,Not Hispanic or Latino,Joint,Joint,1,3,2,1,1,1,2,2,2,305000.0,26.27,5.875,0.183,2,8000.59,NA,3687,2292,,180,NA,NA,2,2,2,2,1145000,1,1,3,5,1,NA,134,43,3,3,2,,,,,2,,,,,2,2,5,,,,,2,22,,,,2,2,1,2,2,2,>74,>74,Yes,Yes,1,1,2,,,,,10,,,,2493,19.82,119500,86,1031,1442,51
2024,549300MGPZBLQDIL7538,41740,CA,06073,06073017014,C,Conventional:First Lien,Single Family (1-4 Units):Site-Built,Not Hispanic or Latino,Race Not Available,Female,1,0,2,1,1,1,2,2,1,355000.0,50,7.75,NA,3,NA,NA,NA,NA,NA,360,NA,NA,2,1,2,2,715000,1,3,3,5,1,NA,NA,NA,2,10,2,,,,,5,,,,,2,4,6,,,,,8,,,,,2,4,2,5,2,4,35-44,9999,No,NA,1,1,6,,,,,10,,,,2493,19.82,119500,86,1031,1442,51
2024,549300MGPZBLQDIL7538,41740,CA,06073,06073017014,C,Conventional:First Lien,Single Family (1-4 Units):Site-Built,Not Hispanic or Latino,White,Female,1,1,2,1,1,1,2,2,2,255000.0,29.412,6.625,-0.101,2,6884.75,NA,2192.5,697.5,,360,NA,NA,2,2,2,2,855000,1,1,3,5,1,NA,74,43,2,10,2,,,,,5,,,,,2,4,5,,,,,8,,,,,2,4,2,5,2,4,55-64,9999,No,NA,1,1,1,,,,,10,,,,2493,19.82,119500,86,1031,1442,51
2024,549300MGPZBLQDIL7538,41740,CA,06073,06073017021,NC,Conventional:First Lien,Single Family (1-4 Units):Site-Built,Ethnicity Not Available,White,Sex Not Available,1,71,1,1,1,1,2,2,2,1565000.0,60,7,0.304,2,28461.15,NA,20726.4,18626.4,,360,NA,NA,2,2,2,2,2605000,1,1,3,5,1,NA,343,49,2,1,3,,,,,3,,,,,2,2,5,,,,,5,,,,,2,2,3,3,2,2,55-64,55-64,Yes,Yes,1,1,1,,,,,10,,,,3182,24.8,119500,143,1046,1108,31
2024,549300MGPZBLQDIL7538,41740,CA,06073,06073017031,C,Conventional:First Lien,Single Family (1-4 Units):Site-Built,Not Hispanic or Latino,White,Female,1,3,1,1,1,1,2,2,2,215000.0,30.07,7.375,0.631,2,7674.15,NA,2476.25,376.25,,360,NA,NA,2,2,2,2,715000,1,1,3,5,1,NA,78,41,3,10,2,,,,,5,,,,,2,4,5,,,,,8,,,,,2,4,2,5,2,4,35-44,9999,No,NA,1,1,2,,,,,10,,,,4003,46.52,119500,120,841,963,44
2024,549300MGPZBLQDIL7538,41740,CA,06073,06073017040,C,Conventional:First Lien,Single Family (1-4 Units):Site-Built,Not Hispanic or Latino,Asian,Joint,1,3,2,1,1,1,2,2,2,1005000.0,94.042,7.625,0.89,2,10159.05,NA,4002.5,2012.5,,360,NA,NA,2,2,2,2,1075000,1,1,3,5,1,NA,261,47,3,2,2,,,,,2,,,,,2,2,2,,,,,2,,,,,2,2,1,2,2,2,25-34,25-34,No,No,1,1,2,,,,,10,,,,4277,45.97,119500,149,1371,1446,45
2024,549300MGPZBLQDIL7538,41740,CA,06073,06073017046,C,Conventional:First Lien,Single Family (1-4 Units):Site-Built,Not Hispanic or Latino,White,Female,1,3,2,1,1,1,2,2,2,255000.0,16.678,6.625,-0.054,2,10223.75,NA,3020,1070,,360,NA,NA,2,2,2,2,1495000,1,1,3,5,1,NA,166,30%-<36%,1,1,2,,,,,3,,,,,2,2,5,,,,,6,,,,,2,2,2,3,2,2,45-54,>74,No,Yes,1,1,2,,,,,10,,,,3727,43.17,119500,156,1294,1373,32
2024,549300MGPZBLQDIL7538,41740,CA,06073,06073017050,NC,VA:First Lien,Single Family (1-4 Units):Site-Built,Not Hispanic or Latino,White,Joint,1,2,2,3,1,1,2,2,2,1275000.0,100,5.75,-0.544,2,6305.45,NA,0,,,360,NA,NA,2,2,2,2,1275000,1,1,3,5,1,NA,199,50%-60%,1,1,2,,,,,2,,,,,2,2,5,,,,,5,,,,,2,2,1,2,2,2,25-34,45-54,No,No,1,1,1,,,,,10,,,,3011,50.25,119500,77,708,841,44
2024,549300MGPZBLQDIL7538,41740,CA,06073,06073017052,C,Conventional:First Lien,Single Family (1-4 Units):Site-Built,Hispanic or Latino,Race Not Available,Male,1,3,1,1,1,1,2,2,2,485000.0,97,6.99,0.698,2,8013.85,NA,3207.5,1212.5,10,360,NA,NA,2,2,2,2,505000,1,1,3,5,1,NA,122,45,2,10,1,11,14,,,5,,,,,2,4,6,,,,,8,,,,,2,4,1,5,2,4,<25,9999,No,NA,1,1,2,,,,,10,,,,5137,52.01,119500,110,998,1342,34
2024,549300MGPZBLQDIL7538,41740,CA,06073,06073017052,C,FHA:First Lien,Single Family (1-4 Units):Site-Built,Not Hispanic or Latino,Asian,Joint,1,2,2,2,1,1,2,2,2,625000.0,61.962,7.25,1.385,2,24571.36,NA,7430.61,,,360,NA,NA,2,2,2,2,995000,1,1,3,5,1,NA,295,50%-60%,1,2,2,,,,,2,,,,,2,2,2,,,,,2,,,,,2,2,1,2,2,2,45-54,45-54,No,No,1,1,1,,,,,10,,,,5137,52.01,119500,110,998,1342,34
2024,549300MGPZBLQDIL7538,41740,CA,06073,06073017055,C,Conventional:First Lien,Single Family (1-4 Units):Site-Built,Not Hispanic or Latino,Asian,Joint,1,0,1,1,1,1,2,2,2,785000.0,80,6.99,0.299,2,8744.96,NA,3464.96,,65.4,360,NA,NA,2,2,2,2,975000,1,1,3,5,1,NA,236,30%-<36%,1,3,2,,,,,2,,,,,2,2,2,27,,,,2,27,,,,2,2,1,2,2,2,25-34,25-34,No,No,1,1,2,,,,,10,,,,5125,55.47,119500,147,1348,1667,29
2024,549300MGPZBLQDIL7538,41740,CA,06073,06073017055,C,Conventional:First Lien,Single Family (1-4 Units):Site-Built,Not Hispanic or Latino,Asian,Joint,1,1,2,1,1,1,2,2,2,615000.0,80,5.99,-0.029,2,7310.61,NA,2910.21,770.21,155.75,360,NA,NA,2,2,2,2,775000,1,1,3,5,1,NA,307,<20%,3,2,2,,,,,2,,,,,2,2,2,21,,,,2,21,,,,2,2,1,2,2,2,25-34,25-34,No,No,1,1,1,,,,,10,,,,5125,55.47,119500,147,1348,1667,29
2024,549300MGPZBLQDIL7538,41740,CA,06073,06073017058,C,VA:First Lien,Single Family (1-4 Units):Site-Built,Joint,White,Joint,1,2,2,3,1,1,2,2,2,565000.0,95,5.75,-0.541,2,17905.21,NA,5872.21,5752.21,,360,NA,NA,2,2,2,2,585000,1,1,3,5,1,NA,118,49,2,3,1,13,,,,2,,,,,2,2,5,,,,,5,,,,,2,2,1,2,2,2,25-34,25-34,No,No,2,1,1,,,,,10,,,,4048,48.52,119500,129,988,1169,32
2024,549300MGPZBLQDIL7538,41740,CA,06073,06073017065,NC,VA:First Lien,Single Family (1-4 Units):Site-Built,Not Hispanic or Latino,White,Male,1,2,2,3,1,1,2,2,2,1805000.0,100,6.75,-0.051,2,72160.31,NA,7449.41,5459.41,,360,NA,NA,2,2,2,2,1755000,1,1,3,5,1,NA,312,50%-60%,2,10,2,,,,,5,,,,,2,4,5,,,,,8,,,,,2,4,1,5,2,4,45-54,9999,No,NA,1,1,1,,,,,10,,,,9344,53.42,119500,218,2234,2499,6
2024,549300MGPZBLQDIL7538,41740,CA,06073,06073017108,C,Conventional:First Lien,Single Family (1-4 Units):Site-Built,Not Hispanic or Latino,White,Male,1,3,2,1,1,1,2,2,2,1005000.0,84.559,7.125,0.402,2,14108.71,NA,7675.31,5685.31,,360,NA,NA,2,2,2,2,1195000,1,1,3,5,1,NA,276,39,2,10,2,,,,,5,,,,,2,4,5,,,,,8,,,,,2,4,1,5,2,4,35-44,9999,No,NA,1,1,1,,,,,10,,,,4717,24.15,119500,170,1383,1608,42
2024,549300MGPZBLQDIL7538,41740,CA,06073,06073017201,NC,Conventional:First Lien,Single Family (1-4 Units):Site-Built,Not Hispanic or Latino,Asian,Male,1,6,2,1,1,1,2,2,2,1905000.0,66.667,6.5,0.131,2,11755.4,NA,4414,3211,,360,NA,NA,2,2,2,2,2855000,1,1,3,5,1,NA,458,39,2,10,2,,,,,5,,,,,2,4,2,,,,,8,,,,,2,4,1,5,2,4,55-64,9999,Yes,NA,1,1,6,,,,,10,,,,1905,17.11,119500,261,537,1168,47
2024,549300MGPZBLQDIL7538,41740,CA,06073,06073017306,NC,Conventional:First Lien,Single Family (1-4 Units):Site-Built,Not Hispanic or Latino,White,Female,1,6,2,1,1,1,2,2,2,2245000.0,80,6.75,0.074,2,10273.25,NA,1495,8400,,360,NA,NA,2,2,2,2,2805000,1,1,3,5,1,NA,533,41,3,10,2,,,,,5,,,,,2,4,5,,,,,8,,,,,2,4,2,5,2,4,35-44,9999,No,NA,1,1,1,,,,,10,,,,2855,18.18,119500,217,871,1187,39
2024,549300MGPZBLQDIL7538,41740,CA,06073,06073017308,C,Conventional:First Lien,Single Family (1-4 Units):Site-Built,Ethnicity Not Available,Race Not Available,Male,1,9,1,1,1,1,2,2,2,255000.0,23.81,6.99,0.398,2,8228.4,NA,3295,1250,,360,NA,NA,2,2,2,2,1055000,1,1,3,5,1,NA,215,20%-<30%,3,10,3,,,,,5,,,,,2,4,6,,,,,8,,,,,2,4,1,5,2,4,65-74,9999,Yes,NA,1,1,2,,,,,10,,,,3178,43.23,119500,112,489,701,41
2024,549300MGPZBLQDIL7538,41740,CA,06073,06073017603,C,FHA:First Lien,Single Family (1-4 Units):Site-Built,Not Hispanic or Latino,White,Male,1,2,2,2,1,1,2,2,2,845000.0,96.5,6.25,0.615,2,21987.95,NA,1891.45,696.45,,360,NA,NA,2,2,2,2,865000,1,1,3,5,1,NA,191,49,2,10,2,,,,,5,,,,,2,4,5,,,,,8,,,,,2,4,1,5,2,4,25-34,9999,No,NA,2,1,1,,,,,10,,,,2498,29.06,119500,160,844,1110,47
2024,549300MGPZBLQDIL7538,41740,CA,06073,06073017701,NC,Conventional:First Lien,Single Family (1-4 Units):Site-Built,Ethnicity Not Available,Race Not Available,Sex Not Available,1,71,2,1,1,1,2,2,1,1645000.0,75,7.125,NA,3,NA,NA,NA,NA,NA,360,NA,NA,2,2,2,2,2195000,1,3,3,5,1,NA,648,30%-<36%,3,3,3,,,,,3,,,,,2,2,6,,,,,6,,,,,2,2,3,3,2,2,45-54,45-54,No,No,1,1,6,,,,,10,,,,5379,26.9,119500,166,1137,1954,41
2024,549300MGPZBLQDIL7538,41740,CA,06073,06073017811,C,Conventional:First Lien,Single Family (1-4 Units):Site-Built,Not Hispanic or Latino,White,Female,1,3,2,1,1,1,2,2,2,635000.0,75,6.49,-0.151,2,19484.7,NA,14627.5,12637.5,,360,NA,NA,2,2,2,2,845000,1,1,3,5,1,NA,268,43,1,10,2,,,,,5,,,,,2,4,5,,,,,8,,,,,2,4,2,5,2,4,45-54,9999,No,NA,1,1,1,,,,,10,,,,6806,30.11,119500,135,1468,2355,35
2024,549300MGPZBLQDIL7538,41740,CA,06073,06073018201,NC,VA:First Lien,Single Family (1-4 Units):Site-Built,Not Hispanic or Latino,White,Joint,1,9,1,3,1,1,2,2,2,1155000.0,95,6.125,-0.925,2,6155.9,NA,0,,,360,NA,NA,2,2,2,2,1215000,1,1,3,5,1,NA,249,47,2,3,2,,,,,2,,,,,2,2,5,,,,,5,,,,,2,2,1,2,2,2,25-34,25-34,No,No,1,1,1,,,,,10,,,,2942,53.94,119500,88,368,870,52
2024,549300MGPZBLQDIL7538,41740,CA,06073,06073018302,C,Conventional:First Lien,Single Family (1-4 Units):Site-Built,Not Hispanic or Latino,White,Male,1,1,2,1,1,1,2,2,1,245000.0,37.5,7.25,NA,3,NA,NA,NA,NA,NA,360,NA,NA,2,2,2,2,645000,1,3,3,5,1,NA,173,37,3,10,2,,,,,5,,,,,2,4,5,,,,,8,,,,,2,4,1,5,2,4,55-64,9999,No,NA,1,1,1,,,,,10,,,,1335,31.76,119500,73,243,280,36
2024,549300MGPZBLQDIL7538,41740,CA,06073,06073018400,C,Conventional:First Lien,Single Family (1-4 Units):Site-Built,Joint,Race Not Available,Joint,1,9,2,1,1,1,2,2,1,1005000.0,60,7.49,NA,3,NA,NA,NA,NA,NA,360,NA,NA,2,2,2,2,1675000,1,3,3,5,1,NA,449,43,1,1,2,,,,,1,,,,,2,2,6,,,,,6,,,,,2,2,2,1,2,2,35-44,35-44,No,No,1,1,1,,,,,10,,,,3561,47.46,119500,72,308,758,37
2024,549300MGPZBLQDIL7538,41740,CA,06073,06073018510,C,Conventional:First Lien,Single Family (1-4 Units):Site-Built,Not Hispanic or Latino,Joint,Joint,1,3,1,1,1,1,2,2,2,725000.0,80,7.125,0.627,2,7358,NA,1995,,1810,360,NA,NA,2,2,2,2,905000,1,1,3,5,1,NA,222,30%-<36%,1,2,2,,,,,2,,,,,2,2,5,,,,,2,5,22,,,2,2,1,2,2,2,25-34,25-34,No,No,1,1,1,,,,,10,,,,3419,65.66,119500,77,653,895,52
2024,549300MGPZBLQDIL7538,41740,CA,06073,06073018512,C,Conventional:First Lien,Single Family (1-4 Units):Site-Built,Not Hispanic or Latino,White,Female,1,3,2,1,1,1,2,2,2,455000.0,80,6.625,0.318,2,6907.64,NA,2592.39,492.39,,360,NA,NA,2,2,2,2,565000,1,1,3,5,1,NA,263,48,2,10,2,,,,,5,,,,,2,4,5,,,,,8,,,,,2,4,2,5,2,4,65-74,9999,Yes,NA,1,1,2,,,,,10,,,,3647,34.33,119500,62,1325,1834,45
2024,549300MGPZBLQDIL7538,41740,CA,06073,06073018512,C,Conventional:First Lien,Single Family (1-4 Units):Site-Built,Not Hispanic or Latino,White,Male,1,3,2,1,1,1,2,2,2,485000.0,80,6.625,0.362,2,11021.75,NA,6496,4356,,360,NA,NA,2,2,2,2,605000,1,1,3,5,1,NA,105,47,1,10,2,,,,,5,,,,,2,4,5,,,,,8,,,,,2,4,1,5,2,4,45-54,9999,No,NA,1,1,2,,,,,10,,,,3647,34.33,119500,62,1325,1834,45
2024,549300MGPZBLQDIL7538,41740,CA,06073,06073018512,C,FHA:First Lien,Single Family (1-4 Units):Site-Built,Ethnicity Not Available,Race Not Available,Sex Not Available,1,2,1,2,1,1,2,2,2,435000.0,96.5,7.125,1.164,2,17521.9,NA,5825.12,4330.12,,360,NA,NA,2,2,2,2,445000,1,1,3,5,1,NA,134,50%-60%,3,1,3,,,,,3,,,,,2,2,6,,,,,6,,,,,2,2,3,3,2,2,55-64,45-54,No,No,1,1,1,,,,,10,,,,3647,34.33,119500,62,1325,1834,45
2024,549300MGPZBLQDIL7538,41740,CA,06073,06073018515,C,Conventional:First Lien,Single Family (1-4 Units):Site-Built,Ethnicity Not Available,Race Not Available,Joint,1,9,1,1,1,1,2,2,1,565000.0,60,7.125,NA,3,NA,NA,NA,NA,NA,360,NA,NA,2,2,2,2,945000,1,3,3,5,1,NA,485,38,3,1,3,,,,,3,,,,,2,2,6,,,,,6,,,,,2,2,1,2,2,2,35-44,35-44,No,No,1,1,1,,,,,10,,,,5064,37.03,119500,113,1094,1523,33
2024,549300MGPZBLQDIL7538,41740,CA,06073,06073018517,C,Conventional:First Lien,Single Family (1-4 Units):Site-Built,Ethnicity Not Available,Race Not Available,Sex Not Available,1,1,2,1,1,1,2,2,2,95000.0,17.582,6.99,0.71,2,6394.39,NA,2345.04,455.04,,360,NA,NA,2,2,2,2,545000,1,1,3,5,1,NA,44,47,1,10,3,,,,,5,,,,,2,4,6,,,,,8,,,,,2,4,3,5,2,4,25-34,9999,No,NA,1,1,1,,,,,10,,,,3996,45.92,119500,79,822,1395,42
2024,549300MGPZBLQDIL7538,41740,CA,06073,06073018608,C,Conventional:Subordinate Lien,Single Family (1-4 Units):Site-Built,Not Hispanic or Latino,White,Joint,1,9,2,1,1,2,2,2,2,15000.0,100,1,NA,3,NA,NA,NA,NA,NA,360,NA,NA,2,2,1,2,545000,1,1,3,5,1,NA,125,49,1,2,2,,,,,2,,,,,2,2,5,,,,,5,,,,,2,2,1,2,2,2,25-34,25-34,No,No,1,1,6,,,,,10,,,,3103,54.85,119500,122,925,1050,31
2024,549300MGPZBLQDIL7538,41740,CA,06073,06073018608,C,VA:First Lien,Single Family (1-4 Units):Site-Built,Hispanic or Latino,Joint,Joint,1,2,2,3,1,1,2,2,2,575000.0,100,6.25,-0.169,2,23344.44,NA,421.74,1443.62,,360,NA,NA,2,2,2,2,555000,1,1,3,5,1,NA,186,50%-60%,2,1,1,,,,,14,,,,,2,2,2,24,,,,5,,,,,2,2,1,2,2,2,35-44,35-44,No,No,1,1,1,,,,,10,,,,3103,54.85,119500,122,925,1050,31
2024,549300MGPZBLQDIL7538,41740,CA,06073,06073018612,C,Conventional:First Lien,Single Family (1-4 Units):Site-Built,Not Hispanic or Latino,White,Male,1,3,2,1,1,1,2,2,2,365000.0,45.5,6.49,-0.511,2,9076.9,NA,5135,3640,,360,NA,NA,2,2,2,2,805000,1,1,3,5,1,NA,83,49,3,10,2,,,,,5,,,,,2,4,5,,,,,8,,,,,2,4,1,5,2,4,35-44,9999,No,NA,1,1,2,,,,,10,,,,4098,56.54,119500,136,1053,1336,35
2024,549300MGPZBLQDIL7538,41740,CA,06073,06073018612,C,VA:First Lien,Single Family (1-4 Units):Site-Built,Ethnicity Not Available,Race Not Available,Joint,1,2,2,3,1,1,2,2,2,705000.0,87.516,6.25,0.065,2,15587.46,NA,2841.71,851.71,300,360,NA,NA,2,2,2,2,805000,1,1,3,5,1,NA,181,37,3,2,3,,,,,3,,,,,2,2,6,,,,,6,,,,,2,2,1,2,2,2,25-34,25-34,No,No,1,1,1,,,,,10,,,,4098,56.54,119500,136,1053,1336,35
2024,549300MGPZBLQDIL7538,41740,CA,06073,06073018617,C,VA:First Lien,Single Family (1-4 Units):Site-Built,Not Hispanic or Latino,White,Joint,1,2,2,3,1,1,2,2,2,765000.0,100,6.625,-0.183,2,21924.39,NA,980.64,980.64,,360,NA,NA,2,2,2,2,755000,1,1,3,5,1,NA,187,48,1,1,2,,,,,2,,,,,2,2,5,,,,,5,,,,,2,2,1,2,2,2,35-44,25-34,No,No,1,1,1,,,,,10,,,,3561,66.67,119500,111,763,1034,28
2024,549300MGPZBLQDIL7538,41740,CA,06073,06073018801,C,Conventional:First Lien,Single Family (1-4 Units):Site-Built,Joint,Joint,Joint,1,3,2,1,1,1,2,2,2,1005000.0,93.785,7.49,1.077,2,17954.25,NA,11530,10035,,360,NA,NA,2,2,2,2,1075000,1,1,3,5,1,NA,279,44,3,3,2,,,,,1,11,14,,,2,2,2,5,24,,,5,,,,,2,2,1,2,2,2,25-34,25-34,No,No,1,1,2,,,,,10,,,,3808,34.4,119500,102,1101,1309,38
2024,549300MGPZBLQDIL7538,41740,CA,06073,06073018803,C,Conventional:First Lien,Single Family (1-4 Units):Site-Built,Joint,White,Joint,1,3,2,1,1,1,2,2,2,205000.0,14.493,6.875,0.33,2,7802,NA,3217,1822,,360,NA,NA,2,2,2,2,1385000,1,1,3,5,1,NA,117,38,2,3,2,,,,,1,14,,,,2,2,5,,,,,5,,,,,2,2,1,2,2,2,65-74,55-64,Yes,No,1,1,2,,,,,10,,,,5056,34.99,119500,106,1164,1725,35
2024,549300MGPZBLQDIL7538,41740,CA,06073,06073018805,C,Conventional:First Lien,Single Family (1-4 Units):Site-Built,Ethnicity Not Available,Race Not Available,Female,1,1,1,1,1,1,2,2,2,505000.0,80,7.25,0.178,2,6246.4,NA,1495,,,360,NA,NA,2,2,2,2,635000,1,1,3,5,1,NA,139,39,3,10,3,,,,,5,,,,,2,4,6,,,,,8,,,,,2,4,2,5,2,4,45-54,9999,No,NA,1,1,2,,,,,10,,,,3572,30.71,119500,133,1083,1393,37
2024,549300MGPZBLQDIL7538,41740,CA,06073,06073018805,C,Conventional:First Lien,Single Family (1-4 Units):Site-Built,Hispanic or Latino,White,Male,1,1,2,1,1,1,2,2,2,395000.0,72.722,6.625,0.26,2,7004.35,NA,4099.5,1999.5,,360,NA,NA,2,2,2,2,545000,1,1,3,5,1,NA,92,46,3,10,1,11,,,,5,,,,,2,4,5,,,,,8,,,,,2,4,1,5,2,4,25-34,9999,No,NA,1,1,1,,,,,10,,,,3572,30.71,119500,133,1083,1393,37
2024,549300MGPZBLQDIL7538,41740,CA,06073,06073018903,C,Conventional:First Lien,Single Family (1-4 Units):Site-Built,Hispanic or Latino,Race Not Available,Joint,1,9,2,1,1,1,2,2,2,675000.0,100,7.125,0.389,2,18923.15,NA,12528.75,,,360,NA,NA,2,2,2,2,705000,1,1,3,5,1,NA,156,43,3,3,1,11,,,,1,11,,,,2,2,6,,,,,6,,,,,2,2,1,2,2,2,25-34,25-34,No,No,1,1,1,,,,,10,,,,5161,59.85,119500,59,905,1510,44
2024,549300MGPZBLQDIL7538,41740,CA,06073,06073018903,C,Conventional:Subordinate Lien,Single Family (1-4 Units):Site-Built,Hispanic or Latino,Race Not Available,Joint,1,9,2,1,1,2,2,2,2,25000.0,100,1,NA,3,NA,NA,NA,NA,NA,360,NA,NA,2,2,1,2,705000,1,1,3,5,1,NA,156,42,3,3,1,11,,,,1,11,,,,2,2,6,,,,,6,,,,,2,2,1,2,2,2,25-34,25-34,No,No,1,1,6,,,,,10,,,,5161,59.85,119500,59,905,1510,44
2024,549300MGPZBLQDIL7538,41740,CA,06073,06073018905,C,Conventional:First Lien,Single Family (1-4 Units):Site-Built,Not Hispanic or Latino,Joint,Joint,1,0,2,1,1,1,2,2,2,545000.0,85.808,6.875,0.178,2,6492.25,NA,1495,,,360,NA,NA,2,2,2,2,635000,1,1,3,5,1,NA,187,30%-<36%,2,2,2,,,,,2,,,,,2,2,5,,,,,3,,,,,2,2,2,1,2,2,35-44,35-44,No,No,1,1,2,,,,,10,,,,6764,71.66,119500,70,824,1259,40
2024,549300MGPZBLQDIL7538,41740,CA,06073,06073018906,NC,VA:First Lien,Single Family (1-4 Units):Site-Built,Not Hispanic or Latino,White,Male,1,2,2,3,1,1,2,2,2,1125000.0,100,6.75,-0.114,2,38564.16,NA,0,,,360,NA,NA,2,2,2,2,1095000,1,1,3,5,1,NA,234,45,1,10,2,,,,,5,,,,,2,4,5,,,,,8,,,,,2,4,1,5,2,4,45-54,9999,No,NA,1,1,1,,,,,10,,,,6298,64.88,119500,67,1025,1421,39
2024,549300MGPZBLQDIL7538,41740,CA,06073,06073019105,C,Conventional:First Lien,Single Family (1-4 Units):Site-Built,Not Hispanic or Latino,Joint,Female,1,3,1,1,1,1,2,2,2,865000.0,80,7.625,1.035,2,475,NA,0,,,360,NA,NA,2,2,2,2,1075000,1,1,3,5,1,NA,268,38,3,3,2,,,,,2,,,,,2,2,2,5,23,,,2,5,23,,,2,2,2,2,2,2,45-54,45-54,No,No,1,1,1,,,,,10,,,,6920,31.78,119500,128,2161,2462,38
2024,549300MGPZBLQDIL7538,41740,CA,06073,06073019105,NC,VA:First Lien,Single Family (1-4 Units):Site-Built,Not Hispanic or Latino,White,Joint,1,2,2,3,1,1,2,2,2,1065000.0,100,5.99,-0.561,2,6522.49,NA,222.24,,,360,NA,NA,2,2,2,2,1065000,1,1,3,5,1,NA,180,>60%,2,1,2,,,,,2,,,,,2,2,5,,,,,5,,,,,2,2,1,2,2,2,25-34,25-34,No,No,1,1,1,,,,,10,,,,6920,31.78,119500,128,2161,2462,38
2024,549300MGPZBLQDIL7538,41740,CA,06073,06073019304,C,Conventional:First Lien,Single Family (1-4 Units):Site-Built,Not Hispanic or Latino,White,Male,1,3,2,1,1,1,2,2,2,875000.0,95,6.375,0.173,2,8261.81,NA,3167.56,1322.56,,360,NA,NA,2,2,2,2,915000,1,1,3,5,1,NA,417,<20%,3,10,2,,,,,5,,,,,2,4,5,,,,,8,,,,,2,4,1,5,2,4,35-44,9999,No,NA,1,1,2,,,,,10,,,,3548,50.23,119500,91,698,1149,34
2024,549300MGPZBLQDIL7538,41740,CA,06073,06073019304,C,VA:First Lien,Single Family (1-4 Units):Site-Built,Ethnicity Not Available,White,Male,1,2,2,3,1,1,2,2,2,835000.0,95,6.75,-0.018,2,17900.28,NA,347.88,3347.88,,360,NA,NA,2,2,2,2,865000,1,1,3,5,1,NA,280,47,1,1,3,,,,,3,,,,,2,2,5,,,,,6,,,,,2,2,1,3,2,2,25-34,25-34,No,No,1,1,1,,,,,10,,,,3548,50.23,119500,91,698,1149,34
2024,549300MGPZBLQDIL7538,41740,CA,06073,06073019502,C,Conventional:First Lien,Single Family (1-4 Units):Site-Built,Not Hispanic or Latino,White,Male,1,1,2,1,1,1,2,2,2,305000.0,37.5,5.99,-0.156,2,6165.25,NA,1495,,,360,NA,NA,2,2,2,2,805000,1,1,3,5,1,NA,99,30%-<36%,2,10,2,,,,,5,,,,,2,4,5,,,,,8,,,,,2,4,1,5,2,4,25-34,9999,No,NA,1,1,2,,,,,10,,,,5492,88.67,119500,54,301,926,47
2024,549300MGPZBLQDIL7538,41740,CA,06073,06073019701,C,VA:First Lien,Single Family (1-4 Units):Site-Built,Not Hispanic or Latino,White,Joint,1,71,2,3,1,1,2,2,2,875000.0,95,6.75,0.23,2,21810.1,NA,3306.2,1316.2,,360,NA,NA,2,2,2,2,915000,1,1,3,5,1,NA,266,50%-60%,1,1,2,,,,,2,,,,,2,2,5,,,,,5,,,,,2,2,1,2,2,2,35-44,25-34,No,No,1,1,1,,,,,10,,,,7022,54.09,119500,85,1106,1493,32
2024,549300MGPZBLQDIL7538,41740,CA,06073,06073019804,NC,Conventional:First Lien,Single Family (1-4 Units):Site-Built,Ethnicity Not Available,Race Not Available,Sex Not Available,1,71,1,1,1,1,2,2,2,1135000.0,70,6.625,-0.028,2,20742.4,NA,12870,11375,,360,NA,NA,2,2,2,2,1625000,1,1,3,5,1,NA,255,46,2,3,3,,,,,3,,,,,2,2,6,,,,,6,,,,,2,2,3,3,2,2,45-54,45-54,No,No,1,1,1,,,,,10,,,,4567,26.95,119500,137,1369,1637,40
2024,549300MGPZBLQDIL7538,41740,CA,06073,06073019809,C,Conventional:First Lien,Single Family (1-4 Units):Site-Built,Not Hispanic or Latino,Asian,Joint,1,3,2,1,1,1,2,2,2,505000.0,33.555,6.125,-0.199,2,7559.45,NA,1919.2,424.2,,360,NA,NA,2,2,2,2,1505000,1,1,3,5,1,NA,286,44,3,3,2,,,,,3,,,,,2,2,2,23,,,,6,,,,,2,2,1,2,2,2,65-74,65-74,Yes,Yes,1,1,2,,,,,10,,,,4096,27.64,119500,132,1498,1704,34
2024,549300MGPZBLQDIL7538,41740,CA,06073,06073019809,C,Conventional:First Lien,Single Family (1-4 Units):Site-Built,Not Hispanic or Latino,Asian,Joint,1,3,2,1,1,1,2,2,2,925000.0,86.14,7.125,1.05,2,8114.11,NA,4206.86,2416.86,,360,NA,NA,2,2,2,2,1075000,1,1,3,5,1,NA,237,43,1,3,2,,,,,2,,,,,2,2,2,,,,,6,,,,,2,2,2,1,2,2,25-34,35-44,No,No,1,1,2,,,,,10,,,,4096,27.64,119500,132,1498,1704,34
2024,549300MGPZBLQDIL7538,41740,CA,06073,06073019811,C,Conventional:First Lien,Single Family (1-4 Units):Manufactured,Not Hispanic or Latino,Joint,Joint,1,0,2,1,1,1,2,2,2,675000.0,90,7.5,1.314,2,8336.65,NA,2891.5,1496.5,,360,NA,NA,2,2,2,2,745000,2,1,1,1,1,NA,151,49,1,1,2,,,,,2,,,,,2,2,5,,,,,2,,,,,2,2,1,2,2,2,65-74,55-64,Yes,No,1,1,2,,,,,10,,,,7330,40.9,119500,145,1586,1773,15
2024,549300MGPZBLQDIL7538,41740,CA,06073,06073019904,C,VA:First Lien,Single Family (1-4 Units):Site-Built,Not Hispanic or Latino,Asian,Joint,1,0,2,3,1,1,2,2,2,595000.0,100,6.625,-0.178,2,4296.25,NA,0,,,360,NA,NA,2,2,2,2,595000,1,1,3,5,1,NA,183,50%-60%,2,1,2,,,,,2,,,,,2,2,2,23,,,,2,23,,,,2,2,1,2,2,2,25-34,25-34,No,No,1,1,2,,,,,10,,,,6865,43.48,119500,93,986,1400,33
2024,549300MGPZBLQDIL7538,41740,CA,06073,06073020019,C,Conventional:First Lien,Single Family (1-4 Units):Site-Built,Not Hispanic or Latino,Asian,Female,1,3,2,1,1,1,2,2,2,465000.0,80,7.49,0.7,2,5878.25,NA,2100,,,360,NA,NA,2,2,2,2,585000,1,1,3,5,1,NA,200,46,1,10,2,,,,,5,,,,,2,4,2,,,,,8,,,,,2,4,2,5,2,4,45-54,9999,No,NA,1,1,2,,,,,10,,,,6728,41.01,119500,103,2292,2577,37
2024,549300MGPZBLQDIL7538,41740,CA,06073,06073020021,C,Conventional:First Lien,Single Family (1-4 Units):Site-Built,Not Hispanic or Latino,Asian,Female,1,3,2,1,1,1,2,2,2,495000.0,79.681,7.375,0.047,2,7092.75,NA,1950,,,360,NA,NA,2,2,2,2,625000,1,1,3,5,1,NA,105,47,2,10,2,,,,,5,,,,,2,4,2,26,,,,8,,,,,2,4,2,5,2,4,35-44,9999,No,NA,1,1,2,,,,,10,,,,6034,79.2,119500,82,727,1059,26
2024,549300MGPZBLQDIL7538,41740,CA,06073,06073020024,C,Conventional:First Lien,Single Family (1-4 Units):Site-Built,Joint,Asian,Joint,1,3,2,1,1,1,2,2,2,735000.0,95,5.99,0.022,2,14730.56,NA,9499.31,7399.31,,360,NA,NA,2,2,2,2,775000,1,1,3,5,1,NA,159,46,1,2,2,,,,,1,11,,,,2,2,27,,,,,6,,,,,2,2,1,2,2,2,35-44,35-44,No,No,1,1,1,,,,,10,,,,4129,49.82,119500,104,1004,1295,43
2024,549300MGPZBLQDIL7538,41740,CA,06073,06073020031,C,Conventional:First Lien,Single Family (1-4 Units):Site-Built,Not Hispanic or Latino,White,Male,1,3,1,1,1,1,2,2,2,445000.0,48.108,7.375,0.55,2,6287.85,NA,1995,,,360,NA,NA,2,2,2,2,925000,1,1,3,5,1,NA,122,48,3,10,2,,,,,5,,,,,2,4,5,,,,,8,,,,,2,4,1,5,2,4,35-44,9999,No,NA,1,1,2,,,,,10,,,,6659,35.04,119500,121,1748,2036,19
2024,549300MGPZBLQDIL7538,41740,CA,06073,06073020036,C,Conventional:First Lien,Single Family (1-4 Units):Site-Built,Ethnicity Not Available,Race Not Available,Sex Not Available,1,3,2,1,1,1,2,2,2,605000.0,89.99,6.625,0.185,2,9109.66,NA,3808.41,1913.41,,360,NA,NA,2,2,2,2,675000,1,1,3,5,1,NA,334,40,2,2,3,,,,,3,,,,,2,2,6,,,,,6,,,,,2,2,3,2,2,2,<25,55-64,No,No,1,1,2,,,,,10,,,,3613,88.35,119500,45,522,633,44
2024,549300MGPZBLQDIL7538,41740,CA,06073,06073020039,C,FHA:First Lien,Single Family (1-4 Units):Site-Built,Ethnicity Not Available,Race Not Available,Sex Not Available,1,2,2,2,1,1,2,2,2,805000.0,95,6.625,0.858,2,20370,NA,1495,,,360,NA,NA,2,2,2,2,835000,1,1,3,5,1,NA,273,50%-60%,2,3,3,,,,,3,,,,,2,2,6,,,,,6,,,,,2,2,3,3,2,2,25-34,35-44,No,No,1,1,1,,,,,10,,,,2226,58.09,119500,111,471,574,26
2024,549300MGPZBLQDIL7538,41740,CA,06073,06073020044,C,Conventional:First Lien,Single Family (1-4 Units):Site-Built,Not Hispanic or Latino,White,Female,1,3,2,1,1,1,2,2,2,495000.0,55.056,6.99,0.042,2,6483.25,NA,2100,,,360,NA,NA,2,2,2,2,895000,1,1,3,5,1,NA,151,36,1,10,2,,,,,5,,,,,2,4,5,,,,,8,,,,,2,4,2,5,2,4,55-64,9999,No,NA,1,1,2,,,,,10,,,,8509,41.37,119500,152,2061,2719,19
2024,549300MGPZBLQDIL7538,41740,CA,06073,06073020108,C,VA:First Lien,Single Family (1-4 Units):Site-Built,Joint,Joint,Joint,1,0,2,3,1,1,2,2,2,525000.0,100,6.75,-0.021,2,1978.29,NA,0,1076.4,,360,NA,NA,2,2,2,2,525000,1,1,3,5,1,NA,154,44,1,2,2,,,,,1,11,,,,2,2,3,,,,,5,,,,,2,2,1,2,2,2,<25,<25,No,No,1,1,1,,,,,10,,,,5901,85.04,119500,72,460,705,41
2024,549300MGPZBLQDIL7538,41740,CA,06073,06073020110,C,Conventional:First Lien,Single Family (1-4 Units):Site-Built,Ethnicity Not Available,Race Not Available,Joint,1,1,2,1,1,1,2,2,2,845000.0,70,7.375,0.647,2,12959.76,NA,6912.61,4917.61,1456.13,360,NA,NA,2,2,2,2,1205000,1,1,3,5,1,NA,243,38,3,2,3,,,,,3,,,,,2,2,6,,,,,6,,,,,2,2,2,1,2,2,25-34,25-34,No,No,1,1,2,,,,,10,,,,7812,51.93,119500,153,1742,2410,33
2024,549300MGPZBLQDIL7538,41740,CA,06073,06073020110,C,Conventional:First Lien,Single Family (1-4 Units):Site-Built,Joint,White,Joint,1,1,2,1,1,1,2,2,2,705000.0,63.063,7.125,0.356,2,7192.9,NA,1995,,100,360,NA,NA,2,2,2,2,1115000,1,1,3,5,1,NA,277,44,3,2,2,,,,,1,13,,,,2,2,5,,,,,5,,,,,2,2,2,1,2,2,35-44,35-44,No,No,1,1,1,,,,,10,,,,7812,51.93,119500,153,1742,2410,33
2024,549300MGPZBLQDIL7538,41740,CA,06073,06073020110,C,Conventional:First Lien,Single Family (1-4 Units):Site-Built,Not Hispanic or Latino,Joint,Joint,1,1,1,1,1,1,2,2,2,765000.0,95,7.375,0.387,2,7168.4,NA,2100,,,360,NA,NA,2,2,2,2,805000,1,1,3,5,1,NA,266,40,2,3,2,,,,,2,,,,,2,2,5,,,,,25,,,,,2,2,2,1,2,2,25-34,25-34,No,No,1,1,1,,,,,10,,,,7812,51.93,119500,153,1742,2410,33
2024,549300MGPZBLQDIL7538,41740,CA,06073,06073020111,C,Conventional:First Lien,Single Family (1-4 Units):Site-Built,Hispanic or Latino,White,Male,1,71,1,1,1,1,2,2,1,1285000.0,80,7.5,NA,3,NA,NA,NA,NA,NA,360,NA,NA,2,2,2,2,1605000,1,1,3,5,3,NA,291,49,2,1,11,,,,,1,,,,,2,2,5,,,,,5,,,,,2,2,1,1,2,2,35-44,55-64,No,No,1,1,1,,,,,10,,,,4128,42.42,119500,139,1038,1242,36
2024,549300MGPZBLQDIL7538,41740,CA,06073,06073020111,C,FHA:First Lien,Single Family (1-4 Units):Site-Built,Not Hispanic or Latino,White,Joint,1,2,1,2,1,1,2,2,2,995000.0,96.5,6.75,1.218,2,17056.37,NA,0,,,360,NA,NA,2,2,2,2,1015000,1,1,3,5,1,NA,293,36,2,3,2,,,,,2,,,,,2,2,5,,,,,5,,,,,2,2,2,1,2,2,25-34,25-34,No,No,1,1,1,,,,,10,,,,4128,42.42,119500,139,1038,1242,36
2024,549300MGPZBLQDIL7538,41740,CA,06073,06073020111,C,VA:First Lien,Single Family (1-4 Units):Site-Built,Hispanic or Latino,White,Male,1,2,2,3,1,1,2,2,2,905000.0,100,6.75,-0.103,2,3434.15,NA,2250,2250,,360,NA,NA,2,2,2,2,905000,1,1,3,5,1,NA,178,50%-60%,1,10,1,11,,,,5,,,,,2,4,5,,,,,8,,,,,2,4,1,5,2,4,25-34,9999,No,NA,1,1,6,,,,,10,,,,4128,42.42,119500,139,1038,1242,36
2024,549300MGPZBLQDIL7538,41740,CA,06073,06073020202,C,Conventional:First Lien,Single Family (1-4 Units):Site-Built,Not Hispanic or Latino,Asian,Female,1,1,2,1,1,1,2,2,2,325000.0,97,6.625,0.66,2,4472.13,NA,2140,,,360,NA,NA,2,2,2,2,335000,1,1,3,5,1,NA,80,46,3,10,2,,,,,5,,,,,2,4,2,23,,,,8,,,,,2,4,2,5,2,4,25-34,9999,No,NA,1,1,1,,,,,10,,,,6955,88.47,119500,48,508,1082,45
2024,549300MGPZBLQDIL7538,41740,CA,06073,06073020211,C,Conventional:First Lien,Single Family (1-4 Units):Site-Built,Joint,White,Male,1,1,2,1,1,1,2,2,2,375000.0,95,6.99,0.875,2,11210.68,NA,7151.93,5501.93,,360,NA,NA,2,2,2,2,395000,1,1,3,5,1,NA,160,49,1,2,2,,,,,1,11,,,,2,2,5,,,,,6,,,,,2,2,1,1,2,2,35-44,45-54,No,No,1,1,1,,,,,10,,,,6918,77.38,119500,67,705,919,44
2024,549300MGPZBLQDIL7538,41740,CA,06073,06073020214,C,Conventional:First Lien,Single Family (1-4 Units):Site-Built,Not Hispanic or Latino,Race Not Available,Joint,1,9,2,1,1,1,2,2,2,765000.0,100,6.875,0.623,2,21635,NA,15166.3,,1910.9,360,NA,NA,2,2,2,2,785000,1,1,3,5,1,NA,211,47,3,1,2,,,,,2,,,,,2,2,6,,,,,6,,,,,2,2,1,2,2,2,35-44,35-44,No,No,1,1,1,,,,,10,,,,5808,80.29,119500,38,75,727,37
2024,549300MGPZBLQDIL7538,41740,CA,06073,06073020214,C,Conventional:Subordinate Lien,Single Family (1-4 Units):Site-Built,Not Hispanic or Latino,Race Not Available,Joint,1,9,2,1,1,2,2,2,2,25000.0,100,1,NA,3,NA,NA,NA,NA,NA,360,NA,NA,2,2,1,2,785000,1,1,3,5,1,NA,211,48,3,1,2,,,,,2,,,,,2,2,6,,,,,6,,,,,2,2,1,2,2,2,35-44,35-44,No,No,1,1,6,,,,,10,,,,5808,80.29,119500,38,75,727,37
2024,549300MGPZBLQDIL7538,41740,CA,06073,06073020304,C,Conventional:First Lien,Single Family (1-4 Units):Site-Built,Ethnicity Not Available,Race Not Available,Sex Not Available,1,1,2,1,1,1,2,2,2,375000.0,51.436,6.625,0.208,2,10255.25,NA,5308,3760,,360,NA,NA,2,2,2,2,735000,1,1,3,5,1,NA,159,30%-<36%,3,2,3,,,,,3,,,,,2,2,6,,,,,6,,,,,2,2,3,3,2,2,25-34,25-34,No,No,1,1,1,,,,,10,,,,6641,39.23,119500,122,1816,2251,36
2024,549300MGPZBLQDIL7538,41740,CA,06073,06073020305,C,Conventional:First Lien,Single Family (1-4 Units):Site-Built,Not Hispanic or Latino,White,Female,1,3,1,1,1,1,2,2,2,645000.0,70,6.875,-0.109,2,6197.33,NA,3763.7,2268.7,,360,NA,NA,2,2,2,2,925000,1,1,3,5,1,NA,155,41,3,10,2,,,,,5,,,,,2,4,5,,,,,8,,,,,2,4,2,5,2,4,55-64,9999,No,NA,1,1,1,,,,,10,,,,6124,52.22,119500,119,1510,1961,37
2024,549300MGPZBLQDIL7538,41740,CA,06073,06073020311,C,Conventional:First Lien,Single Family (1-4 Units):Site-Built,Not Hispanic or Latino,Asian,Joint,1,9,2,1,1,1,2,2,2,625000.0,99.355,6.625,-0.059,2,15758.65,NA,11400,,775,360,NA,NA,2,2,2,2,775000,1,1,3,5,1,NA,168,38,1,3,2,,,,,2,,,,,2,2,2,21,,,,2,21,,,,2,2,1,2,2,2,35-44,35-44,No,No,1,1,1,,,,,10,,,,3600,37.08,119500,91,1075,1221,42
2024,549300MGPZBLQDIL7538,41740,CA,06073,06073020311,C,Conventional:Subordinate Lien,Single Family (1-4 Units):Manufactured,Ethnicity Not Available,Race Not Available,Female,1,0,2,1,1,2,2,2,2,15000.0,100,1,NA,3,NA,NA,NA,NA,NA,360,NA,NA,2,2,1,2,365000,2,1,1,1,1,NA,99,42,3,1,3,,,,,3,,,,,2,2,6,,,,,6,,,,,2,2,2,2,2,2,45-54,>74,No,Yes,1,1,6,,,,,10,,,,3600,37.08,119500,91,1075,1221,42
2024,549300MGPZBLQDIL7538,41740,CA,06073,06073020311,C,Conventional:Subordinate Lien,Single Family (1-4 Units):Site-Built,Not Hispanic or Latino,Asian,Joint,1,9,2,1,1,2,2,2,2,155000.0,99.355,NA,NA,3,NA,NA,NA,NA,NA,360,NA,NA,2,2,1,2,775000,1,1,3,5,1,NA,168,<20%,1,3,2,,,,,2,,,,,2,2,2,21,,,,2,21,,,,2,2,1,2,2,2,35-44,35-44,No,No,1,1,6,,,,,10,,,,3600,37.08,119500,91,1075,1221,42
2024,549300MGPZBLQDIL7538,41740,CA,06073,06073020311,C,FHA:First Lien,Single Family (1-4 Units):Manufactured,Ethnicity Not Available,Race Not Available,Female,1,0,2,2,1,1,2,2,2,355000.0,100,6.25,0.569,2,19483.7,NA,8692,,,360,NA,NA,2,2,2,2,365000,2,1,1,1,1,NA,98,43,3,1,3,,,,,3,,,,,2,2,6,,,,,6,,,,,2,2,2,2,2,2,45-54,>74,No,Yes,1,1,1,,,,,10,,,,3600,37.08,119500,91,1075,1221,42
2024,549300MGPZBLQDIL7538,41740,CA,06073,06073020312,C,Conventional:First Lien,Single Family (1-4 Units):Site-Built,Not Hispanic or Latino,White,Male,1,3,2,1,1,1,2,2,2,635000.0,80,6.99,0.199,2,6575.55,NA,2100,,,360,NA,NA,2,2,2,2,795000,1,1,3,5,1,NA,205,30%-<36%,2,1,2,,,,,2,,,,,2,2,5,,,,,5,,,,,2,2,1,1,2,2,25-34,25-34,No,No,1,1,2,,,,,10,,,,4487,46.47,119500,99,1176,1555,41
2024,549300MGPZBLQDIL7538,41740,CA,06073,06073020403,C,Conventional:First Lien,Single Family (1-4 Units):Site-Built,Hispanic or Latino,Asian,Joint,1,9,2,1,1,1,2,2,2,655000.0,100,6.875,0.231,2,20955.4,NA,15559,,,360,NA,NA,2,2,2,2,805000,1,1,3,5,1,NA,172,37,3,3,1,11,,,,1,11,,,,2,2,2,23,,,,2,23,,,,2,2,1,2,2,2,25-34,25-34,No,No,1,1,1,,,,,10,,,,4220,56.07,119500,103,985,1228,46
2024,549300MGPZBLQDIL7538,41740,CA,06073,06073020403,C,Conventional:Subordinate Lien,Single Family (1-4 Units):Site-Built,Hispanic or Latino,Asian,Joint,1,9,2,1,1,2,2,2,2,155000.0,100,NA,NA,3,NA,NA,NA,NA,NA,360,NA,NA,2,2,1,2,805000,1,1,3,5,1,NA,172,37,3,3,1,11,,,,1,11,,,,2,2,2,23,,,,2,23,,,,2,2,1,2,2,2,25-34,25-34,No,No,1,1,6,,,,,10,,,,4220,56.07,119500,103,985,1228,46
2024,549300MGPZBLQDIL7538,41740,CA,06073,06073020707,C,VA:First Lien,Single Family (1-4 Units):Site-Built,Hispanic or Latino,White,Male,1,2,2,3,1,1,2,2,2,525000.0,100,6.25,0.289,2,6438.25,NA,1690,,892.5,360,NA,NA,2,2,2,2,525000,1,1,3,5,1,NA,96,50%-60%,2,10,1,,,,,5,,,,,2,4,5,,,,,8,,,,,2,4,1,5,2,4,25-34,9999,No,NA,1,1,1,,,,,10,,,,5077,72.09,119500,49,473,827,37
2024,549300MGPZBLQDIL7538,41740,CA,06073,06073020711,C,Conventional:First Lien,Single Family (1-4 Units):Site-Built,Not Hispanic or Latino,White,Female,1,1,2,1,1,1,2,2,2,1005000.0,59.176,7.375,0.551,2,8860.9,NA,1995,,,360,NA,NA,2,2,2,2,1705000,1,1,3,5,1,NA,1050,<20%,2,2,2,,,,,2,,,,,2,2,5,,,,,5,,,,,2,2,2,2,2,2,45-54,45-54,No,No,1,1,1,,,,,10,,,,3593,38.69,119500,168,1090,1239,25
2024,549300MGPZBLQDIL7538,41740,CA,06073,06073020712,C,Conventional:First Lien,Single Family (1-4 Units):Site-Built,Joint,Joint,Joint,1,3,2,1,1,1,2,2,2,945000.0,89.549,7.49,0.99,2,11836.9,NA,6107.5,4712.5,100,360,NA,NA,2,2,2,2,1055000,1,1,3,5,1,NA,298,41,3,1,2,,,,,11,,,,,2,2,3,23,,,,5,,,,,2,2,1,2,2,2,35-44,35-44,No,No,1,1,1,,,,,10,,,,4856,52.62,119500,115,1391,1497,34
2024,549300MGPZBLQDIL7538,41740,CA,06073,06073020712,C,VA:First Lien,Single Family (1-4 Units):Site-Built,Hispanic or Latino,White,Male,1,2,2,3,1,1,2,2,2,655000.0,76.471,6.75,-0.238,2,5655.25,NA,390,,,360,NA,NA,2,2,2,2,855000,1,1,3,5,1,NA,120,50%-60%,2,10,11,,,,,5,,,,,2,4,5,,,,,8,,,,,2,4,1,5,2,4,35-44,9999,No,NA,1,1,1,,,,,10,,,,4856,52.62,119500,115,1391,1497,34
2024,549300MGPZBLQDIL7538,41740,CA,06073,06073020805,C,VA:First Lien,Single Family (1-4 Units):Site-Built,Joint,Black or African American,Joint,1,2,2,3,1,1,2,2,2,895000.0,100,6.125,-0.243,2,7481.25,NA,2225,,,360,NA,NA,2,2,2,2,895000,1,1,3,5,1,NA,231,37,3,3,12,,,,,2,12,,,,2,2,3,,,,,1,3,,,,2,2,1,2,2,2,55-64,45-54,No,No,1,1,1,,,,,10,,,,3674,43.2,119500,98,755,962,43
2024,549300MGPZBLQDIL7538,41740,CA,06073,06073020810,C,VA:First Lien,Single Family (1-4 Units):Site-Built,Ethnicity Not Available,Race Not Available,Joint,1,0,2,3,1,1,2,2,2,755000.0,93.077,6.125,-0.563,2,11402.5,NA,0,2874.77,,360,NA,NA,2,2,2,2,795000,1,1,3,5,1,NA,158,>60%,1,1,3,,,,,3,,,,,2,2,6,,,,,6,,,,,2,2,2,1,2,2,35-44,35-44,No,No,1,1,1,,,,,10,,,,5349,27.84,119500,132,1395,1677,33
2024,549300MGPZBLQDIL7538,41740,CA,06073,06073020810,C,VA:First Lien,Single Family (1-4 Units):Site-Built,Ethnicity Not Available,Race Not Available,Joint,1,2,2,3,1,1,2,2,2,665000.0,100,5.75,-0.918,2,1620.37,NA,0,10705.2,,360,NA,NA,2,2,2,2,665000,1,1,3,5,1,NA,151,>60%,3,1,3,,,,,3,,,,,2,2,6,,,,,6,,,,,2,2,1,2,2,2,35-44,35-44,No,No,2,1,1,,,,,10,,,,5349,27.84,119500,132,1395,1677,33
2024,549300MGPZBLQDIL7538,41740,CA,06073,06073020811,C,Conventional:First Lien,Single Family (1-4 Units):Site-Built,Not Hispanic or Latino,White,Female,1,9,2,1,1,1,2,2,2,555000.0,100,6.625,0.885,2,14754.5,NA,10466.25,,,360,NA,NA,2,2,2,2,575000,1,1,3,5,1,NA,122,49,1,10,2,,,,,5,,,,,2,4,5,,,,,8,,,,,2,4,2,5,2,4,25-34,9999,No,NA,1,1,1,,,,,10,,,,5923,26.78,119500,142,1523,2070,34
2024,549300MGPZBLQDIL7538,41740,CA,06073,06073020811,C,Conventional:Subordinate Lien,Single Family (1-4 Units):Site-Built,Not Hispanic or Latino,White,Female,1,9,2,1,1,2,2,2,2,15000.0,100,1,NA,3,NA,NA,NA,NA,NA,360,NA,NA,2,2,1,2,575000,1,1,3,5,1,NA,122,46,3,10,2,,,,,5,,,,,2,4,5,,,,,8,,,,,2,4,2,5,2,4,25-34,9999,No,NA,1,1,6,,,,,10,,,,5923,26.78,119500,142,1523,2070,34
2024,549300MGPZBLQDIL7538,41740,CA,06073,06073020811,C,VA:First Lien,Single Family (1-4 Units):Site-Built,Ethnicity Not Available,Race Not Available,Sex Not Available,1,2,2,3,1,1,2,2,2,465000.0,100,5.75,-0.541,2,8033.45,NA,3606.8,1761.8,,360,NA,NA,2,2,2,2,465000,1,1,3,5,1,NA,120,50%-60%,2,10,3,,,,,5,,,,,2,4,6,,,,,8,,,,,2,4,3,5,2,4,45-54,9999,No,NA,1,1,6,,,,,10,,,,5923,26.78,119500,142,1523,2070,34
2024,549300MGPZBLQDIL7538,41740,CA,06073,06073020811,C,VA:First Lien,Single Family (1-4 Units):Site-Built,Not Hispanic or Latino,White,Male,1,2,1,3,1,1,2,2,2,475000.0,100,6.25,-0.381,2,10889.9,NA,6745,4750,,360,NA,NA,2,2,2,2,475000,1,1,3,5,1,NA,131,36,1,10,2,,,,,5,,,,,2,4,5,,,,,8,,,,,2,4,1,5,2,4,35-44,9999,No,NA,1,1,1,,,,,10,,,,5923,26.78,119500,142,1523,2070,34
2024,549300MGPZBLQDIL7538,41740,CA,06073,06073020813,C,Conventional:First Lien,Single Family (1-4 Units):Site-Built,Hispanic or Latino,Joint,Joint,1,3,1,1,1,1,2,2,2,655000.0,90,6.99,1.061,2,14154.25,NA,9607.5,8212.5,,360,NA,NA,2,2,2,2,735000,1,1,3,5,1,NA,220,46,1,3,1,,,,,1,,,,,2,2,5,22,,,,5,,,,,2,2,1,2,2,2,35-44,25-34,No,No,1,1,1,,,,,10,,,,4983,41.12,119500,95,1042,1560,43
2024,549300MGPZBLQDIL7538,41740,CA,06073,06073020902,C,Conventional:First Lien,Single Family (1-4 Units):Site-Built,Joint,White,Joint,1,3,2,1,1,1,2,2,2,445000.0,64.235,6.99,0.358,2,8712.02,NA,2916.77,776.77,,360,NA,NA,2,2,2,2,695000,1,1,3,5,1,NA,126,42,3,3,2,,,,,1,,,,,2,2,5,,,,,6,,,,,2,2,1,2,2,2,45-54,45-54,No,No,1,1,1,,,,,10,,,,2306,25.07,119500,102,633,1148,47
2024,549300MGPZBLQDIL7538,41740,CA,06073,06073020903,C,Conventional:First Lien,Single Family (1-4 Units):Site-Built,Not Hispanic or Latino,White,Female,1,3,2,1,1,1,2,2,2,305000.0,80,7.375,0.296,2,5408.4,NA,2100,,,360,NA,NA,2,2,2,2,375000,1,1,3,5,1,NA,80,43,3,10,2,,,,,5,,,,,2,4,5,,,,,8,,,,,2,4,2,5,2,4,45-54,9999,No,NA,1,1,2,,,,,10,,,,3030,37.56,119500,66,789,1532,39
2024,549300MGPZBLQDIL7538,41740,CA,06073,06073020904,C,Conventional:First Lien,Single Family (1-4 Units):Site-Built,Joint,White,Joint,1,3,2,1,1,1,2,2,2,495000.0,85,6.625,0.171,2,6871.25,NA,2100,,,360,NA,NA,2,2,2,2,585000,1,1,3,5,1,NA,122,48,1,3,1,11,,,,2,,,,,2,2,5,,,,,5,,,,,2,2,1,2,2,2,25-34,25-34,No,No,1,1,2,,,,,10,,,,3266,26.64,119500,88,931,1800,41
2024,549300MGPZBLQDIL7538,41740,CA,06073,06073020904,C,FHA:First Lien,Single Family (1-4 Units):Site-Built,Hispanic or Latino,White,Joint,1,2,2,2,1,1,2,2,2,345000.0,82.716,7.125,1.141,2,15324.87,NA,5508.62,3408.62,,360,NA,NA,2,2,2,2,405000,1,1,3,5,1,NA,79,50%-60%,2,2,1,,,,,1,14,,,,1,2,5,,,,,6,,,,,2,2,1,2,2,2,25-34,45-54,No,No,1,1,1,,,,,10,,,,3266,26.64,119500,88,931,1800,41
2024,549300MGPZBLQDIL7538,41740,CA,06073,06073021001,C,Conventional:First Lien,Single Family (1-4 Units):Site-Built,Ethnicity Not Available,Race Not Available,Female,1,1,2,1,1,1,2,2,2,235000.0,61.842,7.125,0.626,2,5741.4,NA,2100,,,360,NA,NA,2,2,2,2,385000,1,1,3,5,1,NA,56,46,1,10,3,,,,,5,,,,,2,4,6,,,,,8,,,,,2,4,2,5,2,4,65-74,9999,Yes,NA,1,1,1,,,,,10,,,,2085,39.62,119500,54,615,1849,35
2024,549300MGPZBLQDIL7538,41740,CA,06073,06073021001,C,Conventional:First Lien,Single Family (1-4 Units):Site-Built,Ethnicity Not Available,Race Not Available,Male,1,3,2,1,1,1,2,2,2,105000.0,45.455,6.875,0.96,3,6326.25,NA,3293,1153,,360,NA,NA,2,2,2,2,225000,1,2,3,5,1,NA,62,47,3,10,3,,,,,5,,,,,2,4,6,,,,,8,,,,,2,4,1,5,2,4,>74,9999,Yes,NA,1,1,1,,,,,10,,,,2085,39.62,119500,54,615,1849,35
2024,549300MGPZBLQDIL7538,41740,CA,06073,06073021001,C,Conventional:First Lien,Single Family (1-4 Units):Site-Built,Ethnicity Not Available,Race Not Available,Sex Not Available,1,1,2,1,1,1,2,2,1,115000.0,80,8.125,NA,3,NA,NA,NA,NA,NA,360,NA,NA,2,2,2,2,145000,1,3,3,5,1,NA,127,39,2,10,3,,,,,5,,,,,2,4,6,,,,,8,,,,,2,4,3,5,2,4,25-34,9999,No,NA,1,1,2,,,,,10,,,,2085,39.62,119500,54,615,1849,35
2024,549300MGPZBLQDIL7538,41740,CA,06073,06073021001,C,Conventional:First Lien,Single Family (1-4 Units):Site-Built,Not Hispanic or Latino,White,Male,1,3,2,1,1,1,2,2,2,225000.0,68.923,6.5,0.008,2,9689.48,NA,6224.08,4630.08,1120,360,NA,NA,2,2,2,2,325000,1,1,3,5,1,NA,45,49,1,10,2,,,,,5,,,,,2,4,5,,,,,8,,,,,2,4,1,5,2,4,45-54,9999,No,NA,1,1,1,,,,,10,,,,2085,39.62,119500,54,615,1849,35
2024,549300MGPZBLQDIL7538,41740,CA,06073,06073021001,C,FSA/RHS:First Lien,Single Family (1-4 Units):Site-Built,Not Hispanic or Latino,White,Male,1,2,2,4,1,1,2,2,2,305000.0,101.01,7.25,1.233,2,10578.79,NA,4404.09,,,360,NA,NA,2,2,2,2,305000,1,1,3,5,1,NA,154,20%-<30%,3,10,2,,,,,5,,,,,2,4,5,,,,,8,,,,,2,4,1,5,2,4,35-44,9999,No,NA,1,1,4,,,,,10,,,,2085,39.62,119500,54,615,1849,35
2024,549300MGPZBLQDIL7538,41740,CA,06073,06073021002,C,FHA:First Lien,Single Family (1-4 Units):Site-Built,Not Hispanic or Latino,White,Male,1,2,2,2,1,1,2,2,2,355000.0,91.842,6.25,0.378,2,15560.19,NA,5529.44,3785.44,,360,NA,NA,2,2,2,2,385000,1,1,3,5,1,NA,87,42,1,10,2,,,,,5,,,,,2,4,5,,,,,8,,,,,2,4,1,5,2,4,55-64,9999,Yes,NA,1,1,1,,,,,10,,,,1946,44.81,119500,160,538,1514,39
2024,549300MGPZBLQDIL7538,41740,CA,06073,06073021204,C,Conventional:First Lien,Single Family (1-4 Units):Site-Built,Ethnicity Not Available,Race Not Available,Male,1,9,1,1,1,1,2,2,2,975000.0,80,7.375,0.929,2,8486.9,NA,1995,,1075,360,NA,60,2,2,2,2,1215000,1,1,3,5,1,NA,277,44,3,10,3,,,,,5,,,,,2,4,6,,,,,8,,,,,2,4,1,5,2,4,35-44,9999,No,NA,1,1,6,,,,,10,,,,5491,22.15,119500,125,1760,1912,33
2024,549300MGPZBLQDIL7538,41740,CA,06073,06073021206,C,Conventional:First Lien,Single Family (1-4 Units):Site-Built,Ethnicity Not Available,White,Joint,1,3,2,1,1,1,2,2,2,555000.0,50.045,6.625,-0.052,2,7862.25,NA,1995,,1450,360,NA,NA,2,2,2,2,1095000,1,1,3,5,1,NA,270,20%-<30%,3,1,3,,,,,3,,,,,2,2,5,,,,,5,,,,,2,2,1,2,2,2,45-54,35-44,No,No,1,1,2,,,,,10,,,,3039,26.82,119500,124,991,1265,29
